opcode,opcode_dec,handler,in_text,used_on_graph,use_count,scenes,known,jals,stores
0x00,0,0x80017294,True,True,14780,"m0001i,m0002i,m0003i,m0004i,m0005i,m0006i,m0009i,m0011i,m0012i,m0013i,m0014i,m0016i,m0017i,m0018i,m0020i,m0021i,m0022i,m0023i,m0025i,m0026i,m0027i,m0028i,m0029i,m0030i,m0031i,m0032i,m0033i,m0034i,m0035i,m0036i,m0039i,m0041i,m0042i,m0043i,m0044i,m0045i,m0046i,m0047i,m0048i,m0051i,m0052i,m0055i,m0056i,m0057i,m0058i,m0059i,m0060i,m0061i,m0062i,m0063i,m0064i,m0065i,m0066i,m0067i,m0068i,m0069i,m0070i,m0071i,m0072i,m0073i,m0074i,m0075i,m0076i,m0077i,m0078i,m0079i,m0080i,m0081i,m0082i,m0083i,m0084i,m0085i,m0086i,m0087i,m0088i,m0089i,m0090i,m0091i,m0092i,m0093i,m0094i,m0095i,m0096i,m0097i,m0098i,m0099i,m0100i,m0102i,m0103i,m0104i,m0106i,m0107i,m0108i,m0111i,m0112i,m0113i,m0114i,m0115i,m0116i,m0117i,m0118i,m0120i,m0121i,m0122i,m0123i,m0124i,m0125i,m0126i,m0127i,m0128i,m0129i,m0130i,m0131i,m0132i,m0133i,m0134i,m0135i,m0136i,m0137i,m0138i,m0139i,m0140i,m0141i,m0142i,m0143i,m0144i,m0145i,m0146i,m0147i,m0148i,m0149i,m0150i,m0151i,m0152i,m0153i,m0154i,m0155i,m0156i,m0157i,m0158i,m0159i,m0160i,m0239i,m0259i,m0271i,m0272i,m0273i,m0275i,m0276i,m0278i,m0279i,m0280i,m0281i,m0282i,m0283i,m0284i,m0285i,m0286i,m0287i,m0288i,m0319i,m0320i,m0321i,m0322i,m0323i,m0324i,m0325i,m0326i,m0327i,m0328i,m0329i,m0330i,m0331i,m0332i,m0334i,m0339i,m0348i,m0349i,m0350i,m0351i,m0352i,m0353i,m0354i,m0355i,m0358i,m0359i,m0361i,m0362i,m0363i,m0366i,m0372i,m0373i,m0374i,m0377i,m0378i,m0380i,m0381i,m0425i,m0426i,m0427i,m0428i,m0429i,m0430i,m0432i,m0438i",goto,,
0x01,1,0x800172BC,True,True,413,"m0004i,m0005i,m0011i,m0012i,m0014i,m0016i,m0017i,m0018i,m0022i,m0023i,m0027i,m0028i,m0030i,m0031i,m0032i,m0033i,m0039i,m0041i,m0042i,m0043i,m0044i,m0045i,m0046i,m0047i,m0048i,m0049i,m0050i,m0051i,m0052i,m0055i,m0056i,m0059i,m0061i,m0062i,m0063i,m0066i,m0067i,m0070i,m0071i,m0072i,m0073i,m0074i,m0075i,m0076i,m0077i,m0078i,m0079i,m0080i,m0081i,m0082i,m0083i,m0084i,m0085i,m0086i,m0087i,m0088i,m0089i,m0091i,m0094i,m0098i,m0099i,m0100i,m0102i,m0103i,m0104i,m0106i,m0107i,m0108i,m0111i,m0112i,m0113i,m0114i,m0115i,m0116i,m0118i,m0120i,m0121i,m0122i,m0124i,m0125i,m0126i,m0127i,m0128i,m0129i,m0130i,m0132i,m0133i,m0134i,m0135i,m0136i,m0137i,m0138i,m0139i,m0140i,m0141i,m0142i,m0143i,m0144i,m0145i,m0146i,m0147i,m0148i,m0149i,m0150i,m0152i,m0153i,m0154i,m0155i,m0158i,m0159i,m0160i,m0239i,m0259i,m0271i,m0272i,m0273i,m0276i,m0278i,m0281i,m0282i,m0283i,m0284i,m0285i,m0286i,m0287i,m0288i,m0319i,m0320i,m0321i,m0322i,m0323i,m0324i,m0325i,m0326i,m0327i,m0328i,m0329i,m0330i,m0331i,m0332i,m0339i,m0350i,m0353i,m0354i,m0355i,m0358i,m0361i,m0362i,m0363i,m0366i,m0367i,m0372i,m0373i,m0381i,m0426i,m0427i,m0428i,m0429i,m0430i,m0432i,m0438i",actor_flag_or_0x10_yield,,sw@0x800A0098
0x02,2,0x800172E0,True,True,6716,"m0001i,m0002i,m0003i,m0004i,m0005i,m0006i,m0009i,m0011i,m0012i,m0013i,m0014i,m0016i,m0017i,m0018i,m0020i,m0021i,m0022i,m0023i,m0025i,m0026i,m0027i,m0028i,m0029i,m0030i,m0031i,m0032i,m0033i,m0034i,m0035i,m0036i,m0039i,m0041i,m0042i,m0043i,m0044i,m0045i,m0046i,m0047i,m0048i,m0049i,m0050i,m0051i,m0052i,m0055i,m0056i,m0057i,m0058i,m0059i,m0060i,m0061i,m0062i,m0063i,m0064i,m0065i,m0066i,m0067i,m0068i,m0069i,m0070i,m0071i,m0072i,m0073i,m0074i,m0075i,m0076i,m0077i,m0078i,m0079i,m0080i,m0081i,m0082i,m0083i,m0084i,m0085i,m0086i,m0087i,m0088i,m0089i,m0090i,m0091i,m0092i,m0093i,m0094i,m0095i,m0096i,m0097i,m0098i,m0099i,m0100i,m0102i,m0103i,m0104i,m0106i,m0107i,m0108i,m0111i,m0112i,m0113i,m0114i,m0115i,m0116i,m0117i,m0118i,m0120i,m0121i,m0122i,m0123i,m0124i,m0125i,m0126i,m0127i,m0128i,m0129i,m0130i,m0131i,m0132i,m0133i,m0134i,m0135i,m0136i,m0137i,m0138i,m0139i,m0140i,m0141i,m0142i,m0143i,m0144i,m0145i,m0146i,m0147i,m0148i,m0149i,m0150i,m0151i,m0152i,m0153i,m0154i,m0155i,m0156i,m0157i,m0158i,m0159i,m0160i,m0239i,m0259i,m0271i,m0272i,m0273i,m0275i,m0276i,m0278i,m0279i,m0280i,m0281i,m0282i,m0283i,m0284i,m0285i,m0286i,m0287i,m0288i,m0319i,m0320i,m0321i,m0322i,m0323i,m0324i,m0325i,m0326i,m0327i,m0328i,m0329i,m0330i,m0331i,m0332i,m0334i,m0339i,m0348i,m0349i,m0350i,m0351i,m0352i,m0353i,m0354i,m0355i,m0358i,m0359i,m0361i,m0362i,m0363i,m0366i,m0367i,m0372i,m0373i,m0374i,m0377i,m0378i,m0380i,m0381i,m0425i,m0426i,m0427i,m0428i,m0429i,m0430i,m0432i,m0438i",wait_ticks,,
0x03,3,0x80017C54,True,True,184,"m0011i,m0012i,m0014i,m0016i,m0022i,m0026i,m0027i,m0028i,m0030i,m0032i,m0041i,m0043i,m0044i,m0049i,m0050i,m0059i,m0061i,m0062i,m0063i,m0065i,m0066i,m0067i,m0068i,m0075i,m0078i,m0080i,m0081i,m0082i,m0083i,m0085i,m0086i,m0087i,m0090i,m0100i,m0104i,m0107i,m0111i,m0113i,m0114i,m0115i,m0116i,m0118i,m0120i,m0121i,m0122i,m0123i,m0125i,m0126i,m0129i,m0130i,m0137i,m0139i,m0140i,m0141i,m0145i,m0146i,m0147i,m0149i,m0152i,m0153i,m0154i,m0156i,m0239i,m0271i,m0272i,m0273i,m0283i,m0288i,m0324i,m0326i,m0327i,m0328i,m0332i,m0339i,m0348i,m0351i,m0352i,m0358i,m0367i,m0372i,m0380i,m0425i,m0429i,m0430i,m0432i",,0x800661EC,
0x04,4,0x80017988,True,True,1359,"m0001i,m0002i,m0003i,m0004i,m0005i,m0006i,m0009i,m0011i,m0012i,m0013i,m0014i,m0016i,m0017i,m0018i,m0020i,m0021i,m0022i,m0023i,m0025i,m0026i,m0027i,m0028i,m0029i,m0030i,m0031i,m0032i,m0033i,m0034i,m0035i,m0036i,m0039i,m0041i,m0042i,m0043i,m0044i,m0045i,m0046i,m0047i,m0048i,m0049i,m0050i,m0051i,m0052i,m0055i,m0056i,m0057i,m0058i,m0059i,m0060i,m0061i,m0062i,m0063i,m0064i,m0065i,m0066i,m0067i,m0068i,m0069i,m0070i,m0071i,m0072i,m0073i,m0074i,m0075i,m0076i,m0077i,m0078i,m0079i,m0080i,m0081i,m0082i,m0083i,m0084i,m0085i,m0086i,m0087i,m0088i,m0089i,m0090i,m0091i,m0092i,m0093i,m0094i,m0095i,m0096i,m0097i,m0098i,m0099i,m0100i,m0102i,m0103i,m0104i,m0106i,m0107i,m0108i,m0111i,m0112i,m0113i,m0114i,m0115i,m0116i,m0117i,m0118i,m0120i,m0121i,m0122i,m0123i,m0124i,m0125i,m0126i,m0127i,m0128i,m0129i,m0130i,m0131i,m0132i,m0133i,m0134i,m0135i,m0136i,m0137i,m0138i,m0139i,m0140i,m0141i,m0142i,m0143i,m0144i,m0145i,m0146i,m0147i,m0148i,m0149i,m0150i,m0151i,m0152i,m0153i,m0154i,m0155i,m0156i,m0157i,m0158i,m0159i,m0160i,m0239i,m0259i,m0271i,m0272i,m0273i,m0275i,m0276i,m0278i,m0279i,m0280i,m0281i,m0282i,m0283i,m0284i,m0285i,m0286i,m0287i,m0288i,m0319i,m0320i,m0321i,m0322i,m0323i,m0324i,m0325i,m0326i,m0327i,m0328i,m0329i,m0330i,m0331i,m0332i,m0339i,m0348i,m0349i,m0350i,m0358i,m0359i,m0367i,m0372i,m0373i,m0374i,m0377i,m0378i,m0380i,m0381i,m0425i,m0426i,m0428i,m0429i,m0430i,m0432i",,,
0x05,5,0x8001731C,True,True,19705,"m0001i,m0002i,m0003i,m0004i,m0005i,m0006i,m0009i,m0011i,m0012i,m0013i,m0014i,m0016i,m0017i,m0018i,m0020i,m0021i,m0022i,m0023i,m0025i,m0026i,m0027i,m0028i,m0029i,m0030i,m0031i,m0032i,m0033i,m0034i,m0035i,m0036i,m0039i,m0041i,m0042i,m0043i,m0044i,m0045i,m0046i,m0047i,m0048i,m0049i,m0050i,m0051i,m0052i,m0055i,m0056i,m0057i,m0058i,m0059i,m0060i,m0061i,m0062i,m0063i,m0064i,m0065i,m0066i,m0067i,m0068i,m0069i,m0070i,m0071i,m0072i,m0073i,m0074i,m0075i,m0076i,m0077i,m0078i,m0079i,m0080i,m0081i,m0082i,m0083i,m0084i,m0085i,m0086i,m0087i,m0088i,m0089i,m0090i,m0091i,m0092i,m0093i,m0094i,m0095i,m0096i,m0097i,m0098i,m0099i,m0100i,m0102i,m0103i,m0104i,m0106i,m0107i,m0108i,m0111i,m0112i,m0113i,m0114i,m0115i,m0116i,m0117i,m0118i,m0120i,m0121i,m0122i,m0123i,m0124i,m0125i,m0126i,m0127i,m0128i,m0129i,m0130i,m0131i,m0132i,m0133i,m0134i,m0135i,m0136i,m0137i,m0138i,m0139i,m0140i,m0141i,m0142i,m0143i,m0144i,m0145i,m0146i,m0147i,m0148i,m0149i,m0150i,m0151i,m0152i,m0153i,m0154i,m0155i,m0156i,m0157i,m0158i,m0159i,m0160i,m0239i,m0259i,m0271i,m0272i,m0273i,m0275i,m0276i,m0278i,m0279i,m0280i,m0281i,m0282i,m0283i,m0284i,m0285i,m0286i,m0287i,m0288i,m0319i,m0320i,m0321i,m0322i,m0323i,m0324i,m0325i,m0326i,m0327i,m0328i,m0329i,m0330i,m0331i,m0332i,m0334i,m0339i,m0348i,m0349i,m0350i,m0351i,m0352i,m0353i,m0354i,m0355i,m0358i,m0359i,m0361i,m0362i,m0363i,m0366i,m0367i,m0372i,m0373i,m0374i,m0377i,m0378i,m0380i,m0381i,m0425i,m0426i,m0427i,m0428i,m0429i,m0430i,m0432i,m0438i",skip_if_false,,
0x06,6,0,False,False,0,,,,
0x07,7,0,False,False,0,,,,
0x08,8,0x8001735C,True,True,2976,"m0001i,m0002i,m0003i,m0004i,m0005i,m0006i,m0009i,m0011i,m0012i,m0013i,m0014i,m0016i,m0017i,m0018i,m0020i,m0021i,m0022i,m0023i,m0025i,m0026i,m0027i,m0028i,m0029i,m0030i,m0031i,m0032i,m0033i,m0034i,m0035i,m0036i,m0039i,m0041i,m0042i,m0043i,m0044i,m0045i,m0046i,m0047i,m0048i,m0049i,m0050i,m0051i,m0052i,m0055i,m0056i,m0057i,m0058i,m0059i,m0060i,m0061i,m0062i,m0063i,m0064i,m0065i,m0066i,m0067i,m0068i,m0069i,m0070i,m0071i,m0072i,m0073i,m0074i,m0075i,m0076i,m0077i,m0078i,m0079i,m0080i,m0081i,m0082i,m0083i,m0084i,m0085i,m0086i,m0087i,m0088i,m0089i,m0090i,m0091i,m0092i,m0093i,m0094i,m0095i,m0096i,m0097i,m0098i,m0099i,m0100i,m0102i,m0103i,m0104i,m0106i,m0107i,m0108i,m0111i,m0112i,m0113i,m0114i,m0115i,m0116i,m0117i,m0118i,m0120i,m0121i,m0122i,m0123i,m0124i,m0125i,m0126i,m0127i,m0128i,m0129i,m0130i,m0131i,m0132i,m0133i,m0134i,m0135i,m0136i,m0137i,m0138i,m0139i,m0140i,m0141i,m0142i,m0143i,m0144i,m0145i,m0146i,m0147i,m0148i,m0149i,m0150i,m0151i,m0152i,m0153i,m0154i,m0155i,m0156i,m0157i,m0158i,m0159i,m0160i,m0239i,m0259i,m0271i,m0272i,m0273i,m0275i,m0276i,m0278i,m0279i,m0280i,m0281i,m0282i,m0283i,m0284i,m0285i,m0286i,m0287i,m0288i,m0319i,m0320i,m0321i,m0322i,m0323i,m0324i,m0325i,m0326i,m0327i,m0328i,m0329i,m0330i,m0331i,m0332i,m0334i,m0339i,m0348i,m0349i,m0350i,m0351i,m0352i,m0353i,m0354i,m0355i,m0358i,m0359i,m0361i,m0362i,m0363i,m0366i,m0367i,m0372i,m0373i,m0374i,m0377i,m0378i,m0380i,m0381i,m0425i,m0426i,m0427i,m0428i,m0429i,m0430i,m0432i",create_actor,0x80035038 0x8001AA78,
0x09,9,0x80012850,True,True,35390,"m0001i,m0002i,m0003i,m0004i,m0005i,m0006i,m0009i,m0011i,m0012i,m0013i,m0014i,m0016i,m0017i,m0018i,m0020i,m0021i,m0022i,m0023i,m0025i,m0026i,m0027i,m0028i,m0029i,m0030i,m0031i,m0032i,m0033i,m0034i,m0035i,m0036i,m0039i,m0041i,m0042i,m0043i,m0044i,m0045i,m0046i,m0047i,m0048i,m0049i,m0050i,m0051i,m0052i,m0055i,m0056i,m0057i,m0058i,m0059i,m0060i,m0061i,m0062i,m0063i,m0064i,m0065i,m0066i,m0067i,m0068i,m0069i,m0070i,m0071i,m0072i,m0073i,m0074i,m0075i,m0076i,m0077i,m0078i,m0079i,m0080i,m0081i,m0082i,m0083i,m0084i,m0085i,m0086i,m0087i,m0088i,m0089i,m0090i,m0091i,m0092i,m0093i,m0094i,m0095i,m0096i,m0097i,m0098i,m0099i,m0100i,m0102i,m0103i,m0104i,m0106i,m0107i,m0108i,m0111i,m0112i,m0113i,m0114i,m0115i,m0116i,m0117i,m0118i,m0120i,m0121i,m0122i,m0123i,m0124i,m0125i,m0126i,m0127i,m0128i,m0129i,m0130i,m0131i,m0132i,m0133i,m0134i,m0135i,m0136i,m0137i,m0138i,m0139i,m0140i,m0141i,m0142i,m0143i,m0144i,m0145i,m0146i,m0147i,m0148i,m0149i,m0150i,m0151i,m0152i,m0153i,m0154i,m0155i,m0156i,m0157i,m0158i,m0159i,m0160i,m0239i,m0259i,m0271i,m0272i,m0273i,m0275i,m0276i,m0278i,m0279i,m0280i,m0281i,m0282i,m0283i,m0284i,m0285i,m0286i,m0287i,m0288i,m0319i,m0320i,m0321i,m0322i,m0323i,m0324i,m0325i,m0326i,m0327i,m0328i,m0329i,m0330i,m0331i,m0332i,m0334i,m0339i,m0348i,m0349i,m0350i,m0351i,m0352i,m0353i,m0354i,m0355i,m0358i,m0359i,m0361i,m0362i,m0363i,m0366i,m0367i,m0372i,m0373i,m0374i,m0377i,m0378i,m0380i,m0381i,m0425i,m0426i,m0427i,m0428i,m0429i,m0430i,m0432i,m0438i",alu,,
0x0A,10,0x800173F4,True,True,18594,"m0001i,m0002i,m0003i,m0004i,m0005i,m0006i,m0009i,m0011i,m0012i,m0013i,m0014i,m0016i,m0017i,m0018i,m0020i,m0021i,m0022i,m0023i,m0025i,m0026i,m0027i,m0028i,m0029i,m0030i,m0031i,m0032i,m0033i,m0034i,m0035i,m0036i,m0039i,m0041i,m0042i,m0043i,m0044i,m0045i,m0046i,m0047i,m0048i,m0049i,m0050i,m0051i,m0052i,m0055i,m0056i,m0057i,m0058i,m0059i,m0060i,m0061i,m0062i,m0063i,m0064i,m0065i,m0066i,m0067i,m0068i,m0069i,m0070i,m0071i,m0072i,m0073i,m0074i,m0075i,m0076i,m0077i,m0078i,m0079i,m0080i,m0081i,m0082i,m0083i,m0084i,m0085i,m0086i,m0087i,m0088i,m0089i,m0090i,m0091i,m0092i,m0093i,m0094i,m0095i,m0096i,m0097i,m0098i,m0099i,m0100i,m0102i,m0103i,m0104i,m0106i,m0107i,m0108i,m0111i,m0112i,m0113i,m0114i,m0115i,m0116i,m0117i,m0118i,m0120i,m0121i,m0122i,m0123i,m0124i,m0125i,m0126i,m0127i,m0128i,m0129i,m0130i,m0131i,m0132i,m0133i,m0134i,m0135i,m0136i,m0137i,m0138i,m0139i,m0140i,m0141i,m0142i,m0143i,m0144i,m0145i,m0146i,m0147i,m0148i,m0149i,m0150i,m0151i,m0152i,m0153i,m0154i,m0155i,m0156i,m0157i,m0158i,m0159i,m0160i,m0239i,m0259i,m0271i,m0272i,m0273i,m0275i,m0276i,m0278i,m0279i,m0280i,m0281i,m0282i,m0283i,m0284i,m0285i,m0286i,m0287i,m0288i,m0319i,m0320i,m0321i,m0322i,m0323i,m0324i,m0325i,m0326i,m0327i,m0328i,m0329i,m0330i,m0331i,m0332i,m0334i,m0339i,m0348i,m0349i,m0350i,m0351i,m0352i,m0353i,m0354i,m0355i,m0358i,m0359i,m0361i,m0362i,m0363i,m0366i,m0367i,m0372i,m0373i,m0374i,m0377i,m0378i,m0380i,m0381i,m0425i,m0426i,m0427i,m0428i,m0429i,m0430i,m0432i",assign,,
0x0B,11,0x80012C20,True,True,2877,"m0001i,m0002i,m0003i,m0004i,m0005i,m0006i,m0009i,m0011i,m0012i,m0013i,m0014i,m0016i,m0017i,m0018i,m0020i,m0021i,m0022i,m0023i,m0025i,m0026i,m0027i,m0028i,m0029i,m0030i,m0031i,m0032i,m0033i,m0034i,m0035i,m0036i,m0039i,m0041i,m0042i,m0043i,m0044i,m0045i,m0046i,m0047i,m0048i,m0049i,m0050i,m0051i,m0052i,m0055i,m0056i,m0057i,m0058i,m0059i,m0060i,m0061i,m0062i,m0063i,m0064i,m0065i,m0066i,m0067i,m0068i,m0069i,m0070i,m0071i,m0072i,m0073i,m0074i,m0075i,m0076i,m0077i,m0078i,m0079i,m0080i,m0081i,m0082i,m0083i,m0084i,m0085i,m0086i,m0087i,m0088i,m0089i,m0090i,m0091i,m0092i,m0093i,m0094i,m0095i,m0096i,m0097i,m0098i,m0099i,m0100i,m0102i,m0103i,m0104i,m0106i,m0107i,m0108i,m0111i,m0112i,m0113i,m0114i,m0115i,m0116i,m0117i,m0118i,m0120i,m0121i,m0122i,m0123i,m0124i,m0125i,m0126i,m0127i,m0128i,m0129i,m0130i,m0131i,m0132i,m0133i,m0134i,m0135i,m0136i,m0137i,m0138i,m0139i,m0140i,m0141i,m0142i,m0143i,m0144i,m0145i,m0146i,m0147i,m0148i,m0149i,m0150i,m0151i,m0152i,m0153i,m0154i,m0155i,m0156i,m0157i,m0158i,m0159i,m0160i,m0239i,m0259i,m0271i,m0272i,m0273i,m0275i,m0276i,m0278i,m0279i,m0280i,m0281i,m0282i,m0283i,m0284i,m0285i,m0286i,m0287i,m0288i,m0319i,m0320i,m0321i,m0322i,m0323i,m0324i,m0325i,m0326i,m0327i,m0328i,m0329i,m0330i,m0331i,m0332i,m0334i,m0339i,m0348i,m0349i,m0350i,m0358i,m0359i,m0367i,m0372i,m0373i,m0374i,m0377i,m0378i,m0380i,m0381i,m0425i,m0426i,m0427i,m0428i,m0429i,m0430i,m0432i",pose_or_snap,0x8001AA78,sw@0x800A0028 sw@0x800A002C sw@0x800A0030 sw@0x800A0040 sw@0x800A0044 sw@0x800A0048 sw@0x800C0000 sw@0x800A0040 sw@0x800A0044 sw@0x800A0048 sw@0x800A0068 sw@0x800A006C
0x0C,12,0x80012E7C,True,True,475,"m0005i,m0009i,m0012i,m0013i,m0014i,m0016i,m0020i,m0022i,m0023i,m0026i,m0027i,m0028i,m0030i,m0031i,m0032i,m0034i,m0046i,m0047i,m0048i,m0052i,m0055i,m0059i,m0060i,m0061i,m0062i,m0063i,m0064i,m0065i,m0066i,m0067i,m0074i,m0075i,m0077i,m0078i,m0079i,m0080i,m0081i,m0082i,m0083i,m0084i,m0085i,m0086i,m0087i,m0089i,m0092i,m0095i,m0097i,m0100i,m0103i,m0104i,m0106i,m0107i,m0108i,m0111i,m0112i,m0113i,m0114i,m0115i,m0116i,m0118i,m0120i,m0121i,m0122i,m0123i,m0126i,m0129i,m0137i,m0138i,m0139i,m0140i,m0141i,m0142i,m0145i,m0146i,m0147i,m0148i,m0149i,m0152i,m0153i,m0154i,m0156i,m0159i,m0273i,m0283i,m0324i,m0325i,m0326i,m0327i,m0328i,m0329i,m0332i,m0334i,m0348i,m0350i,m0358i,m0380i,m0428i,m0429i,m0432i",,,
0x0D,13,0x80017410,True,True,1687,"m0001i,m0002i,m0003i,m0004i,m0005i,m0006i,m0009i,m0011i,m0012i,m0014i,m0016i,m0017i,m0018i,m0020i,m0021i,m0022i,m0023i,m0025i,m0028i,m0030i,m0031i,m0032i,m0033i,m0034i,m0035i,m0036i,m0039i,m0041i,m0042i,m0043i,m0044i,m0045i,m0046i,m0047i,m0048i,m0049i,m0051i,m0052i,m0055i,m0056i,m0058i,m0059i,m0060i,m0061i,m0062i,m0064i,m0066i,m0067i,m0068i,m0069i,m0070i,m0071i,m0072i,m0074i,m0075i,m0077i,m0078i,m0079i,m0080i,m0084i,m0087i,m0088i,m0089i,m0090i,m0091i,m0092i,m0093i,m0094i,m0095i,m0096i,m0097i,m0098i,m0099i,m0100i,m0102i,m0103i,m0104i,m0106i,m0107i,m0108i,m0111i,m0112i,m0113i,m0114i,m0115i,m0116i,m0117i,m0118i,m0120i,m0121i,m0123i,m0124i,m0125i,m0126i,m0127i,m0128i,m0129i,m0131i,m0132i,m0134i,m0136i,m0137i,m0138i,m0139i,m0140i,m0141i,m0142i,m0143i,m0144i,m0145i,m0146i,m0147i,m0148i,m0149i,m0150i,m0152i,m0153i,m0154i,m0155i,m0158i,m0160i,m0239i,m0259i,m0271i,m0272i,m0273i,m0275i,m0276i,m0283i,m0288i,m0319i,m0320i,m0321i,m0323i,m0324i,m0325i,m0326i,m0327i,m0328i,m0329i,m0330i,m0331i,m0332i,m0334i,m0339i,m0348i,m0350i,m0351i,m0352i,m0358i,m0359i,m0367i,m0372i,m0373i,m0374i,m0381i,m0425i,m0426i,m0427i,m0428i,m0429i,m0430i,m0432i",message_open,0x800375E0,
0x0E,14,0x80014228,True,True,119,"m0005i,m0012i,m0013i,m0014i,m0016i,m0023i,m0027i,m0028i,m0030i,m0032i,m0034i,m0059i,m0061i,m0062i,m0063i,m0065i,m0066i,m0067i,m0075i,m0078i,m0080i,m0081i,m0082i,m0083i,m0085i,m0086i,m0087i,m0089i,m0100i,m0104i,m0107i,m0111i,m0113i,m0115i,m0116i,m0118i,m0120i,m0121i,m0122i,m0123i,m0126i,m0129i,m0137i,m0139i,m0140i,m0141i,m0146i,m0147i,m0149i,m0152i,m0153i,m0154i,m0156i,m0324i,m0326i,m0327i,m0328i,m0358i,m0380i,m0429i",,,
0x0F,15,0,False,False,0,,,,
0x10,16,0,False,False,0,,,,
0x11,17,0x800130B4,True,True,345,"m0001i,m0002i,m0003i,m0005i,m0009i,m0012i,m0014i,m0016i,m0017i,m0018i,m0020i,m0021i,m0022i,m0028i,m0030i,m0031i,m0032i,m0041i,m0042i,m0043i,m0045i,m0046i,m0047i,m0048i,m0051i,m0052i,m0055i,m0056i,m0058i,m0059i,m0060i,m0061i,m0062i,m0064i,m0066i,m0067i,m0068i,m0074i,m0075i,m0077i,m0078i,m0079i,m0080i,m0084i,m0087i,m0092i,m0093i,m0094i,m0095i,m0096i,m0097i,m0098i,m0099i,m0100i,m0102i,m0103i,m0104i,m0106i,m0107i,m0108i,m0111i,m0112i,m0113i,m0114i,m0116i,m0117i,m0118i,m0120i,m0121i,m0124i,m0125i,m0126i,m0127i,m0128i,m0129i,m0132i,m0137i,m0138i,m0139i,m0140i,m0141i,m0142i,m0143i,m0144i,m0145i,m0146i,m0147i,m0148i,m0149i,m0150i,m0152i,m0153i,m0154i,m0155i,m0275i,m0276i,m0283i,m0324i,m0325i,m0326i,m0327i,m0328i,m0329i,m0330i,m0331i,m0332i,m0334i,m0339i,m0351i,m0352i,m0353i,m0354i,m0355i,m0358i,m0361i,m0362i,m0363i,m0366i,m0374i,m0381i,m0438i",button_or_facing_test,,sw@0x800A0000 sw@0x80000000
0x12,18,0x800131E8,True,True,1867,"m0002i,m0003i,m0005i,m0012i,m0013i,m0014i,m0016i,m0017i,m0020i,m0022i,m0023i,m0025i,m0026i,m0027i,m0028i,m0030i,m0031i,m0032i,m0034i,m0041i,m0042i,m0043i,m0044i,m0046i,m0047i,m0048i,m0051i,m0052i,m0055i,m0057i,m0058i,m0059i,m0060i,m0061i,m0062i,m0063i,m0064i,m0065i,m0066i,m0067i,m0068i,m0069i,m0070i,m0072i,m0073i,m0074i,m0075i,m0076i,m0077i,m0078i,m0079i,m0080i,m0081i,m0082i,m0083i,m0084i,m0085i,m0086i,m0087i,m0088i,m0089i,m0090i,m0095i,m0097i,m0099i,m0100i,m0103i,m0104i,m0107i,m0108i,m0111i,m0112i,m0113i,m0114i,m0115i,m0116i,m0117i,m0118i,m0120i,m0121i,m0122i,m0123i,m0125i,m0126i,m0127i,m0128i,m0129i,m0130i,m0131i,m0132i,m0133i,m0134i,m0135i,m0136i,m0137i,m0138i,m0139i,m0140i,m0141i,m0142i,m0143i,m0144i,m0145i,m0146i,m0147i,m0148i,m0149i,m0150i,m0151i,m0152i,m0153i,m0154i,m0155i,m0156i,m0157i,m0158i,m0159i,m0160i,m0273i,m0275i,m0276i,m0283i,m0288i,m0320i,m0321i,m0322i,m0323i,m0324i,m0325i,m0326i,m0327i,m0328i,m0329i,m0330i,m0331i,m0332i,m0334i,m0339i,m0348i,m0349i,m0350i,m0353i,m0354i,m0355i,m0358i,m0359i,m0361i,m0362i,m0363i,m0366i,m0373i,m0374i,m0377i,m0380i,m0381i,m0426i,m0428i,m0429i,m0430i,m0432i,m0438i",,,sw@0x800A00A8 sw@0x800A0028 sw@0x800A0024 sw@0x800A0028 sw@0x800A0024 sw@0x800A0000 sw@0x800A000C sw@0x800A0004 sw@0x800A0010 sh@0x800A0008 sh@0x800A000A
0x13,19,0x800176B8,True,True,15,"m0022i,m0028i,m0032i,m0086i,m0089i,m0145i,m0152i,m0153i,m0154i,m0273i,m0332i,m0350i,m0428i,m0429i",,,sw@0x800A0098
0x14,20,0x80017588,True,True,1326,"m0001i,m0002i,m0003i,m0004i,m0005i,m0006i,m0009i,m0011i,m0012i,m0013i,m0014i,m0016i,m0017i,m0018i,m0020i,m0021i,m0022i,m0023i,m0025i,m0026i,m0027i,m0028i,m0029i,m0030i,m0031i,m0032i,m0033i,m0034i,m0035i,m0036i,m0039i,m0041i,m0042i,m0043i,m0044i,m0045i,m0046i,m0047i,m0048i,m0049i,m0050i,m0051i,m0052i,m0055i,m0056i,m0057i,m0058i,m0059i,m0060i,m0061i,m0062i,m0063i,m0064i,m0065i,m0066i,m0067i,m0068i,m0069i,m0070i,m0071i,m0072i,m0073i,m0074i,m0075i,m0076i,m0077i,m0078i,m0079i,m0080i,m0081i,m0082i,m0083i,m0084i,m0085i,m0086i,m0087i,m0088i,m0089i,m0090i,m0091i,m0092i,m0093i,m0094i,m0095i,m0096i,m0097i,m0098i,m0099i,m0100i,m0102i,m0103i,m0104i,m0106i,m0107i,m0108i,m0111i,m0112i,m0113i,m0114i,m0115i,m0116i,m0117i,m0118i,m0120i,m0121i,m0122i,m0123i,m0124i,m0125i,m0126i,m0127i,m0128i,m0129i,m0130i,m0131i,m0132i,m0133i,m0134i,m0135i,m0136i,m0137i,m0138i,m0139i,m0140i,m0141i,m0142i,m0143i,m0144i,m0145i,m0146i,m0147i,m0148i,m0149i,m0150i,m0151i,m0152i,m0153i,m0154i,m0155i,m0156i,m0157i,m0158i,m0159i,m0160i,m0239i,m0259i,m0271i,m0272i,m0273i,m0275i,m0276i,m0278i,m0279i,m0280i,m0281i,m0282i,m0283i,m0284i,m0285i,m0286i,m0287i,m0288i,m0319i,m0320i,m0321i,m0322i,m0323i,m0324i,m0325i,m0326i,m0327i,m0328i,m0329i,m0330i,m0331i,m0332i,m0334i,m0339i,m0348i,m0349i,m0350i,m0353i,m0354i,m0355i,m0358i,m0359i,m0361i,m0362i,m0363i,m0366i,m0367i,m0372i,m0373i,m0374i,m0377i,m0378i,m0380i,m0381i,m0425i,m0426i,m0427i,m0428i,m0429i,m0430i,m0432i",set_task_pointer,,sw@0x800A01A0 sw@0x800A019C sw@0x800A0004 sw@0x800A01A0 sw@0x800A019C
0x15,21,0x800188C4,True,True,6,m0350i,,0x8001CAB0,
0x16,22,0x80017540,True,False,0,,,,
0x17,23,0x80017444,True,False,0,,,0x800370A8 0x800370A8 0x8003708C 0x800370A8,sw@0x800A0098 sw@0x800A0068 sw@0x800A0070 sw@0x800A006C sw@0x800A006C
0x18,24,0x8001787C,True,True,953,"m0005i,m0012i,m0013i,m0014i,m0016i,m0022i,m0023i,m0027i,m0028i,m0030i,m0032i,m0034i,m0059i,m0061i,m0062i,m0063i,m0064i,m0065i,m0066i,m0067i,m0073i,m0075i,m0076i,m0078i,m0080i,m0081i,m0082i,m0083i,m0085i,m0087i,m0089i,m0100i,m0104i,m0107i,m0111i,m0113i,m0114i,m0115i,m0116i,m0118i,m0120i,m0121i,m0122i,m0123i,m0125i,m0126i,m0127i,m0129i,m0131i,m0137i,m0139i,m0140i,m0141i,m0142i,m0144i,m0145i,m0146i,m0147i,m0149i,m0152i,m0153i,m0154i,m0156i,m0159i,m0324i,m0326i,m0327i,m0328i,m0331i,m0332i,m0339i,m0348i,m0349i,m0358i,m0380i,m0429i,m0432i",,,
0x19,25,0x800176E0,True,True,340,"m0012i,m0013i,m0014i,m0016i,m0022i,m0023i,m0027i,m0028i,m0030i,m0032i,m0034i,m0059i,m0061i,m0062i,m0063i,m0065i,m0066i,m0067i,m0075i,m0076i,m0078i,m0080i,m0081i,m0082i,m0083i,m0085i,m0087i,m0089i,m0100i,m0104i,m0107i,m0111i,m0113i,m0114i,m0115i,m0116i,m0118i,m0120i,m0121i,m0122i,m0123i,m0125i,m0126i,m0127i,m0129i,m0131i,m0137i,m0139i,m0140i,m0141i,m0142i,m0144i,m0145i,m0146i,m0147i,m0149i,m0152i,m0153i,m0154i,m0156i,m0159i,m0324i,m0326i,m0327i,m0328i,m0332i,m0339i,m0348i,m0349i,m0358i,m0380i,m0429i,m0430i,m0432i",,,
0x1A,26,0x800176FC,True,True,1254,"m0005i,m0012i,m0013i,m0014i,m0016i,m0022i,m0023i,m0027i,m0028i,m0030i,m0031i,m0032i,m0034i,m0045i,m0048i,m0055i,m0059i,m0060i,m0061i,m0062i,m0063i,m0065i,m0066i,m0067i,m0074i,m0075i,m0077i,m0078i,m0079i,m0080i,m0081i,m0082i,m0083i,m0084i,m0085i,m0086i,m0087i,m0088i,m0089i,m0095i,m0097i,m0100i,m0102i,m0104i,m0106i,m0107i,m0111i,m0112i,m0113i,m0114i,m0115i,m0116i,m0118i,m0120i,m0121i,m0122i,m0123i,m0125i,m0126i,m0128i,m0129i,m0131i,m0132i,m0134i,m0137i,m0139i,m0140i,m0141i,m0142i,m0143i,m0144i,m0145i,m0146i,m0147i,m0148i,m0149i,m0152i,m0153i,m0154i,m0155i,m0156i,m0159i,m0273i,m0283i,m0320i,m0321i,m0323i,m0324i,m0326i,m0327i,m0328i,m0329i,m0330i,m0332i,m0334i,m0348i,m0349i,m0350i,m0358i,m0380i,m0428i,m0429i,m0430i,m0432i",,0x80070D6C 0x80070DD0,
0x1B,27,0x80018F74,True,True,255,"m0001i,m0002i,m0012i,m0014i,m0016i,m0020i,m0021i,m0022i,m0025i,m0026i,m0027i,m0028i,m0030i,m0031i,m0032i,m0034i,m0041i,m0048i,m0049i,m0050i,m0052i,m0059i,m0060i,m0061i,m0062i,m0066i,m0067i,m0069i,m0078i,m0080i,m0082i,m0086i,m0087i,m0088i,m0089i,m0091i,m0092i,m0093i,m0095i,m0097i,m0098i,m0107i,m0108i,m0111i,m0112i,m0113i,m0114i,m0118i,m0122i,m0126i,m0129i,m0137i,m0138i,m0139i,m0140i,m0141i,m0145i,m0146i,m0147i,m0149i,m0152i,m0153i,m0154i,m0155i,m0158i,m0239i,m0272i,m0273i,m0275i,m0276i,m0278i,m0279i,m0280i,m0281i,m0282i,m0283i,m0284i,m0285i,m0286i,m0287i,m0320i,m0324i,m0325i,m0326i,m0327i,m0328i,m0332i,m0348i,m0350i,m0358i,m0359i,m0372i,m0373i,m0377i,m0426i,m0428i,m0430i,m0432i",actor_speed_or_costume,,sh@0x800A0026 sh@0x800BCFFE
0x1C,28,0x80017764,True,True,3850,"m0001i,m0002i,m0003i,m0004i,m0005i,m0006i,m0009i,m0011i,m0012i,m0013i,m0014i,m0016i,m0017i,m0018i,m0020i,m0021i,m0022i,m0023i,m0025i,m0026i,m0027i,m0028i,m0030i,m0031i,m0032i,m0033i,m0034i,m0035i,m0036i,m0039i,m0041i,m0042i,m0043i,m0044i,m0045i,m0046i,m0047i,m0048i,m0049i,m0050i,m0051i,m0052i,m0055i,m0056i,m0058i,m0059i,m0060i,m0061i,m0062i,m0063i,m0064i,m0065i,m0066i,m0067i,m0068i,m0069i,m0070i,m0071i,m0072i,m0073i,m0074i,m0075i,m0076i,m0077i,m0078i,m0079i,m0080i,m0081i,m0082i,m0083i,m0084i,m0085i,m0086i,m0087i,m0088i,m0089i,m0090i,m0091i,m0092i,m0093i,m0094i,m0095i,m0096i,m0097i,m0098i,m0099i,m0100i,m0102i,m0103i,m0104i,m0106i,m0107i,m0108i,m0111i,m0112i,m0113i,m0114i,m0115i,m0116i,m0117i,m0118i,m0120i,m0121i,m0122i,m0123i,m0124i,m0125i,m0126i,m0127i,m0128i,m0129i,m0130i,m0131i,m0132i,m0133i,m0134i,m0135i,m0136i,m0137i,m0138i,m0139i,m0140i,m0141i,m0142i,m0143i,m0144i,m0145i,m0146i,m0147i,m0148i,m0149i,m0150i,m0151i,m0152i,m0153i,m0154i,m0155i,m0156i,m0157i,m0158i,m0159i,m0160i,m0239i,m0259i,m0271i,m0272i,m0273i,m0275i,m0276i,m0278i,m0279i,m0280i,m0281i,m0282i,m0283i,m0284i,m0285i,m0286i,m0287i,m0288i,m0319i,m0320i,m0321i,m0322i,m0323i,m0324i,m0325i,m0326i,m0327i,m0328i,m0329i,m0330i,m0331i,m0332i,m0334i,m0339i,m0348i,m0349i,m0350i,m0353i,m0354i,m0355i,m0358i,m0359i,m0361i,m0362i,m0363i,m0366i,m0367i,m0372i,m0373i,m0374i,m0377i,m0378i,m0380i,m0381i,m0425i,m0426i,m0427i,m0428i,m0429i,m0430i,m0432i",mailbox_send,0x800653B8,
0x1D,29,0x80017E20,True,True,1569,"m0005i,m0012i,m0014i,m0016i,m0027i,m0028i,m0030i,m0032i,m0059i,m0061i,m0062i,m0063i,m0065i,m0066i,m0067i,m0075i,m0078i,m0080i,m0081i,m0082i,m0083i,m0085i,m0086i,m0087i,m0089i,m0100i,m0104i,m0107i,m0111i,m0113i,m0114i,m0115i,m0116i,m0118i,m0120i,m0121i,m0122i,m0123i,m0126i,m0129i,m0137i,m0139i,m0140i,m0141i,m0145i,m0146i,m0147i,m0149i,m0152i,m0153i,m0154i,m0156i,m0159i,m0273i,m0324i,m0326i,m0327i,m0328i,m0332i,m0349i,m0350i,m0358i,m0380i,m0429i,m0430i,m0432i",,,
0x1E,30,0x80019658,True,True,536,"m0001i,m0003i,m0004i,m0005i,m0006i,m0009i,m0011i,m0012i,m0014i,m0016i,m0017i,m0018i,m0020i,m0021i,m0022i,m0023i,m0025i,m0028i,m0030i,m0031i,m0034i,m0035i,m0036i,m0039i,m0041i,m0042i,m0043i,m0044i,m0045i,m0046i,m0047i,m0048i,m0049i,m0050i,m0051i,m0052i,m0055i,m0056i,m0058i,m0059i,m0061i,m0062i,m0063i,m0065i,m0066i,m0067i,m0068i,m0069i,m0070i,m0071i,m0075i,m0076i,m0077i,m0078i,m0079i,m0080i,m0081i,m0082i,m0083i,m0085i,m0086i,m0087i,m0088i,m0089i,m0090i,m0091i,m0092i,m0093i,m0094i,m0095i,m0096i,m0097i,m0098i,m0099i,m0100i,m0102i,m0103i,m0104i,m0106i,m0107i,m0108i,m0111i,m0112i,m0113i,m0114i,m0115i,m0116i,m0117i,m0118i,m0120i,m0121i,m0122i,m0123i,m0124i,m0125i,m0126i,m0127i,m0129i,m0130i,m0133i,m0136i,m0137i,m0138i,m0139i,m0140i,m0141i,m0142i,m0145i,m0146i,m0147i,m0148i,m0149i,m0150i,m0151i,m0152i,m0153i,m0154i,m0156i,m0157i,m0158i,m0159i,m0160i,m0239i,m0259i,m0271i,m0272i,m0273i,m0275i,m0276i,m0278i,m0279i,m0281i,m0282i,m0283i,m0284i,m0285i,m0286i,m0287i,m0288i,m0319i,m0321i,m0323i,m0324i,m0325i,m0326i,m0327i,m0328i,m0329i,m0331i,m0332i,m0334i,m0339i,m0349i,m0350i,m0358i,m0359i,m0367i,m0372i,m0373i,m0374i,m0378i,m0380i,m0425i,m0426i,m0427i,m0428i,m0429i,m0430i,m0432i",actor_flag_or_0x80,,sw@0x800A0098
0x1F,31,0x800177AC,True,True,826,"m0001i,m0002i,m0003i,m0004i,m0005i,m0006i,m0009i,m0011i,m0012i,m0013i,m0014i,m0016i,m0017i,m0018i,m0020i,m0021i,m0022i,m0023i,m0025i,m0026i,m0027i,m0028i,m0030i,m0031i,m0032i,m0033i,m0034i,m0035i,m0036i,m0039i,m0041i,m0042i,m0043i,m0044i,m0045i,m0046i,m0047i,m0048i,m0049i,m0050i,m0051i,m0052i,m0055i,m0056i,m0057i,m0058i,m0059i,m0060i,m0061i,m0062i,m0063i,m0064i,m0065i,m0066i,m0067i,m0068i,m0069i,m0070i,m0071i,m0072i,m0073i,m0074i,m0075i,m0076i,m0077i,m0078i,m0079i,m0080i,m0081i,m0082i,m0083i,m0084i,m0085i,m0086i,m0087i,m0088i,m0089i,m0090i,m0091i,m0092i,m0093i,m0094i,m0095i,m0096i,m0097i,m0098i,m0099i,m0100i,m0102i,m0103i,m0104i,m0106i,m0107i,m0108i,m0111i,m0112i,m0113i,m0114i,m0115i,m0116i,m0117i,m0118i,m0120i,m0121i,m0122i,m0123i,m0124i,m0125i,m0126i,m0127i,m0128i,m0129i,m0130i,m0131i,m0132i,m0133i,m0134i,m0135i,m0136i,m0137i,m0138i,m0139i,m0140i,m0141i,m0142i,m0143i,m0144i,m0145i,m0146i,m0147i,m0148i,m0149i,m0150i,m0151i,m0152i,m0153i,m0154i,m0155i,m0156i,m0157i,m0158i,m0159i,m0160i,m0239i,m0259i,m0271i,m0272i,m0273i,m0275i,m0276i,m0278i,m0279i,m0280i,m0281i,m0282i,m0283i,m0284i,m0285i,m0286i,m0287i,m0288i,m0319i,m0320i,m0321i,m0322i,m0323i,m0324i,m0325i,m0326i,m0327i,m0328i,m0329i,m0330i,m0331i,m0332i,m0334i,m0339i,m0348i,m0349i,m0350i,m0353i,m0354i,m0355i,m0358i,m0359i,m0361i,m0362i,m0363i,m0366i,m0367i,m0372i,m0373i,m0374i,m0377i,m0378i,m0380i,m0381i,m0425i,m0426i,m0427i,m0428i,m0429i,m0430i,m0432i",mailbox_poll,,
0x20,32,0x800172FC,True,True,5760,"m0001i,m0002i,m0003i,m0004i,m0005i,m0006i,m0009i,m0011i,m0012i,m0013i,m0014i,m0016i,m0017i,m0018i,m0020i,m0021i,m0022i,m0023i,m0025i,m0026i,m0027i,m0028i,m0029i,m0030i,m0031i,m0032i,m0033i,m0034i,m0035i,m0036i,m0039i,m0041i,m0042i,m0043i,m0044i,m0045i,m0046i,m0047i,m0048i,m0049i,m0050i,m0051i,m0052i,m0055i,m0056i,m0057i,m0058i,m0059i,m0060i,m0061i,m0062i,m0063i,m0064i,m0065i,m0066i,m0067i,m0068i,m0069i,m0070i,m0071i,m0072i,m0073i,m0074i,m0075i,m0076i,m0077i,m0078i,m0079i,m0080i,m0081i,m0082i,m0083i,m0084i,m0085i,m0086i,m0087i,m0088i,m0089i,m0090i,m0091i,m0092i,m0093i,m0094i,m0095i,m0096i,m0097i,m0098i,m0099i,m0100i,m0102i,m0103i,m0104i,m0106i,m0107i,m0108i,m0111i,m0112i,m0113i,m0114i,m0115i,m0116i,m0117i,m0118i,m0120i,m0121i,m0122i,m0123i,m0124i,m0125i,m0126i,m0127i,m0128i,m0129i,m0130i,m0131i,m0132i,m0133i,m0134i,m0135i,m0136i,m0137i,m0138i,m0139i,m0140i,m0141i,m0142i,m0143i,m0144i,m0145i,m0146i,m0147i,m0148i,m0149i,m0150i,m0151i,m0152i,m0153i,m0154i,m0155i,m0156i,m0157i,m0158i,m0159i,m0160i,m0239i,m0259i,m0271i,m0272i,m0273i,m0275i,m0276i,m0278i,m0279i,m0280i,m0281i,m0282i,m0283i,m0284i,m0285i,m0286i,m0287i,m0288i,m0319i,m0320i,m0321i,m0322i,m0323i,m0324i,m0325i,m0326i,m0327i,m0328i,m0329i,m0330i,m0331i,m0332i,m0334i,m0339i,m0348i,m0349i,m0350i,m0351i,m0352i,m0353i,m0354i,m0355i,m0358i,m0359i,m0361i,m0362i,m0363i,m0366i,m0367i,m0372i,m0373i,m0374i,m0377i,m0378i,m0380i,m0381i,m0425i,m0426i,m0427i,m0428i,m0429i,m0430i,m0432i,m0438i",park_yield,,
0x21,33,0,False,False,0,,,,
0x22,34,0x800177C8,True,True,1641,"m0001i,m0002i,m0003i,m0004i,m0005i,m0009i,m0011i,m0012i,m0014i,m0016i,m0017i,m0018i,m0020i,m0021i,m0022i,m0023i,m0028i,m0030i,m0031i,m0032i,m0033i,m0034i,m0035i,m0036i,m0039i,m0041i,m0042i,m0043i,m0044i,m0045i,m0046i,m0047i,m0048i,m0051i,m0052i,m0055i,m0056i,m0058i,m0059i,m0060i,m0061i,m0062i,m0064i,m0066i,m0067i,m0068i,m0069i,m0070i,m0071i,m0072i,m0074i,m0075i,m0077i,m0078i,m0079i,m0080i,m0084i,m0087i,m0088i,m0089i,m0090i,m0091i,m0092i,m0093i,m0094i,m0095i,m0096i,m0097i,m0098i,m0099i,m0100i,m0102i,m0103i,m0104i,m0106i,m0107i,m0108i,m0111i,m0112i,m0113i,m0114i,m0115i,m0116i,m0117i,m0118i,m0120i,m0121i,m0123i,m0124i,m0125i,m0126i,m0127i,m0128i,m0129i,m0131i,m0132i,m0134i,m0136i,m0137i,m0138i,m0139i,m0140i,m0141i,m0142i,m0143i,m0144i,m0145i,m0146i,m0147i,m0148i,m0149i,m0150i,m0152i,m0153i,m0154i,m0155i,m0158i,m0160i,m0239i,m0259i,m0271i,m0272i,m0273i,m0275i,m0276i,m0283i,m0288i,m0319i,m0320i,m0321i,m0323i,m0324i,m0325i,m0326i,m0327i,m0328i,m0329i,m0330i,m0331i,m0332i,m0334i,m0339i,m0348i,m0350i,m0351i,m0352i,m0358i,m0359i,m0367i,m0372i,m0374i,m0381i,m0425i,m0426i,m0427i,m0428i,m0429i,m0430i,m0432i",message_wait,0x80037548,
0x23,35,0x80017820,True,True,145,"m0006i,m0025i,m0043i,m0044i,m0047i,m0048i,m0051i,m0052i,m0055i,m0103i,m0108i,m0121i,m0239i,m0276i,m0373i,m0426i,m0427i",message_clear,0x8003746C,
0x24,36,0x8001784C,True,True,287,"m0001i,m0002i,m0003i,m0005i,m0009i,m0012i,m0013i,m0014i,m0016i,m0017i,m0020i,m0021i,m0022i,m0027i,m0028i,m0030i,m0031i,m0041i,m0042i,m0043i,m0045i,m0047i,m0048i,m0052i,m0055i,m0058i,m0059i,m0060i,m0061i,m0062i,m0063i,m0065i,m0066i,m0067i,m0074i,m0075i,m0077i,m0078i,m0079i,m0080i,m0082i,m0083i,m0084i,m0085i,m0087i,m0092i,m0093i,m0094i,m0095i,m0096i,m0097i,m0098i,m0099i,m0100i,m0102i,m0103i,m0104i,m0106i,m0107i,m0108i,m0111i,m0112i,m0113i,m0114i,m0115i,m0116i,m0117i,m0118i,m0120i,m0121i,m0122i,m0125i,m0126i,m0129i,m0137i,m0138i,m0139i,m0140i,m0141i,m0142i,m0145i,m0146i,m0147i,m0148i,m0149i,m0150i,m0152i,m0153i,m0154i,m0156i,m0159i,m0275i,m0276i,m0278i,m0279i,m0280i,m0281i,m0282i,m0283i,m0284i,m0285i,m0286i,m0287i,m0324i,m0325i,m0326i,m0327i,m0328i,m0329i,m0331i,m0332i,m0334i,m0358i,m0359i,m0374i,m0380i,m0429i",facing_poll,,
0x25,37,0x80017968,True,True,4,m0064i,,,
0x26,38,0x80017928,True,True,552,"m0012i,m0013i,m0014i,m0016i,m0027i,m0028i,m0030i,m0032i,m0059i,m0061i,m0062i,m0063i,m0065i,m0066i,m0067i,m0075i,m0078i,m0080i,m0081i,m0082i,m0083i,m0085i,m0086i,m0087i,m0089i,m0100i,m0104i,m0107i,m0111i,m0113i,m0114i,m0115i,m0116i,m0118i,m0120i,m0121i,m0122i,m0123i,m0126i,m0129i,m0137i,m0139i,m0140i,m0141i,m0145i,m0146i,m0147i,m0149i,m0152i,m0153i,m0154i,m0156i,m0159i,m0324i,m0326i,m0327i,m0328i,m0332i,m0349i,m0358i,m0380i,m0429i,m0430i",,,
0x27,39,0x80017948,True,False,0,,,,sb@0x800A000D
0x28,40,0x800179F8,True,True,2858,"m0005i,m0012i,m0013i,m0014i,m0016i,m0022i,m0023i,m0027i,m0028i,m0030i,m0032i,m0034i,m0059i,m0061i,m0062i,m0063i,m0065i,m0066i,m0067i,m0075i,m0078i,m0080i,m0081i,m0082i,m0083i,m0085i,m0086i,m0087i,m0089i,m0100i,m0104i,m0107i,m0111i,m0113i,m0114i,m0115i,m0116i,m0118i,m0120i,m0121i,m0122i,m0123i,m0126i,m0129i,m0137i,m0139i,m0140i,m0141i,m0145i,m0146i,m0147i,m0149i,m0152i,m0153i,m0154i,m0156i,m0159i,m0273i,m0324i,m0326i,m0327i,m0328i,m0332i,m0348i,m0350i,m0358i,m0380i,m0428i,m0429i,m0430i,m0432i",,,
0x29,41,0x80017A24,True,True,719,"m0059i,m0061i,m0062i,m0063i,m0065i,m0066i,m0067i,m0075i,m0078i,m0080i,m0081i,m0082i,m0083i,m0085i,m0086i,m0087i,m0089i,m0100i,m0104i,m0107i,m0111i,m0113i,m0114i,m0115i,m0116i,m0118i,m0120i,m0121i,m0122i,m0123i,m0126i,m0129i,m0137i,m0139i,m0140i,m0141i,m0145i,m0146i,m0147i,m0149i,m0152i,m0153i,m0154i,m0156i,m0159i,m0324i,m0326i,m0327i,m0328i,m0332i,m0358i,m0380i,m0429i,m0432i",,,
0x2A,42,0x80017A50,True,True,1901,"m0005i,m0012i,m0013i,m0014i,m0016i,m0022i,m0023i,m0027i,m0028i,m0030i,m0032i,m0034i,m0059i,m0061i,m0062i,m0063i,m0065i,m0066i,m0067i,m0075i,m0078i,m0080i,m0081i,m0082i,m0083i,m0085i,m0086i,m0087i,m0089i,m0100i,m0104i,m0107i,m0111i,m0113i,m0114i,m0115i,m0116i,m0118i,m0120i,m0121i,m0122i,m0123i,m0126i,m0129i,m0137i,m0139i,m0140i,m0141i,m0145i,m0146i,m0147i,m0149i,m0152i,m0153i,m0154i,m0156i,m0159i,m0273i,m0324i,m0326i,m0327i,m0328i,m0332i,m0348i,m0349i,m0350i,m0358i,m0380i,m0428i,m0429i,m0430i,m0432i",,,
0x2B,43,0x80017A78,True,True,1,m0239i,,,sw@0x8009D2E8
0x2C,44,0x80017AA4,True,False,0,,,,
0x2D,45,0x80017AC0,True,True,76,"m0002i,m0003i,m0006i,m0025i,m0036i,m0039i,m0041i,m0042i,m0043i,m0045i,m0046i,m0047i,m0048i,m0051i,m0052i,m0055i,m0056i,m0064i,m0090i,m0091i,m0092i,m0093i,m0094i,m0095i,m0096i,m0097i,m0098i,m0099i,m0100i,m0102i,m0103i,m0104i,m0106i,m0107i,m0108i,m0111i,m0112i,m0113i,m0114i,m0115i,m0116i,m0117i,m0118i,m0120i,m0121i,m0122i,m0123i,m0124i,m0144i,m0160i,m0239i,m0259i,m0271i,m0272i,m0275i,m0276i,m0280i,m0283i,m0288i,m0373i,m0425i,m0426i,m0427i",,,sw@0x8009D2E8
0x2E,46,0x80017AE8,True,True,6642,"m0001i,m0002i,m0003i,m0004i,m0005i,m0006i,m0009i,m0011i,m0012i,m0013i,m0014i,m0016i,m0017i,m0018i,m0020i,m0021i,m0022i,m0023i,m0025i,m0026i,m0027i,m0028i,m0030i,m0031i,m0032i,m0033i,m0034i,m0035i,m0036i,m0039i,m0041i,m0042i,m0043i,m0044i,m0045i,m0046i,m0047i,m0048i,m0049i,m0050i,m0051i,m0052i,m0055i,m0056i,m0057i,m0058i,m0059i,m0060i,m0061i,m0062i,m0063i,m0064i,m0065i,m0066i,m0067i,m0068i,m0069i,m0070i,m0071i,m0072i,m0073i,m0074i,m0075i,m0076i,m0077i,m0078i,m0079i,m0080i,m0081i,m0082i,m0083i,m0084i,m0085i,m0086i,m0087i,m0088i,m0089i,m0090i,m0091i,m0092i,m0093i,m0094i,m0095i,m0096i,m0097i,m0098i,m0099i,m0100i,m0102i,m0103i,m0104i,m0106i,m0107i,m0108i,m0111i,m0112i,m0113i,m0114i,m0115i,m0116i,m0117i,m0118i,m0120i,m0121i,m0122i,m0123i,m0124i,m0125i,m0126i,m0127i,m0128i,m0129i,m0130i,m0131i,m0132i,m0133i,m0134i,m0135i,m0136i,m0137i,m0138i,m0139i,m0140i,m0141i,m0142i,m0143i,m0144i,m0145i,m0146i,m0147i,m0148i,m0149i,m0150i,m0151i,m0152i,m0153i,m0154i,m0155i,m0156i,m0157i,m0158i,m0159i,m0160i,m0239i,m0259i,m0271i,m0272i,m0273i,m0275i,m0276i,m0278i,m0279i,m0280i,m0281i,m0282i,m0283i,m0284i,m0285i,m0286i,m0287i,m0288i,m0319i,m0320i,m0321i,m0322i,m0323i,m0324i,m0325i,m0326i,m0327i,m0328i,m0329i,m0330i,m0331i,m0332i,m0334i,m0339i,m0348i,m0349i,m0350i,m0358i,m0359i,m0367i,m0372i,m0373i,m0374i,m0377i,m0378i,m0380i,m0381i,m0425i,m0426i,m0427i,m0428i,m0429i,m0430i,m0432i",bind_clip,0x8001A680,sw@0x800A0098
0x2F,47,0x80017B34,True,True,2623,"m0001i,m0002i,m0003i,m0004i,m0005i,m0006i,m0009i,m0011i,m0012i,m0014i,m0016i,m0017i,m0018i,m0020i,m0021i,m0022i,m0023i,m0025i,m0026i,m0028i,m0030i,m0031i,m0032i,m0033i,m0034i,m0035i,m0036i,m0039i,m0041i,m0042i,m0043i,m0044i,m0045i,m0046i,m0047i,m0048i,m0049i,m0050i,m0051i,m0052i,m0055i,m0056i,m0058i,m0059i,m0060i,m0061i,m0062i,m0064i,m0066i,m0067i,m0069i,m0070i,m0071i,m0072i,m0074i,m0075i,m0077i,m0078i,m0079i,m0080i,m0084i,m0087i,m0088i,m0089i,m0090i,m0091i,m0092i,m0093i,m0094i,m0095i,m0096i,m0097i,m0098i,m0099i,m0100i,m0102i,m0103i,m0104i,m0106i,m0107i,m0108i,m0111i,m0112i,m0113i,m0114i,m0115i,m0116i,m0117i,m0118i,m0121i,m0122i,m0123i,m0124i,m0125i,m0126i,m0127i,m0128i,m0129i,m0130i,m0131i,m0132i,m0133i,m0134i,m0136i,m0137i,m0138i,m0139i,m0140i,m0141i,m0142i,m0143i,m0144i,m0145i,m0146i,m0147i,m0148i,m0149i,m0150i,m0152i,m0153i,m0154i,m0155i,m0157i,m0158i,m0159i,m0160i,m0239i,m0259i,m0271i,m0272i,m0273i,m0275i,m0276i,m0278i,m0279i,m0280i,m0281i,m0282i,m0283i,m0284i,m0285i,m0286i,m0287i,m0288i,m0319i,m0320i,m0321i,m0322i,m0323i,m0324i,m0325i,m0326i,m0327i,m0328i,m0329i,m0330i,m0331i,m0332i,m0334i,m0339i,m0348i,m0350i,m0358i,m0359i,m0367i,m0372i,m0373i,m0374i,m0377i,m0378i,m0381i,m0425i,m0426i,m0427i,m0428i,m0429i,m0430i,m0432i",clip_target,,sh@0x800A0012 sw@0x800A0098
0x30,48,0x80017B74,True,True,2320,"m0001i,m0002i,m0003i,m0004i,m0005i,m0006i,m0009i,m0011i,m0012i,m0014i,m0016i,m0017i,m0018i,m0020i,m0021i,m0023i,m0025i,m0026i,m0028i,m0030i,m0031i,m0032i,m0033i,m0034i,m0035i,m0036i,m0039i,m0041i,m0042i,m0043i,m0044i,m0045i,m0046i,m0047i,m0048i,m0049i,m0050i,m0051i,m0052i,m0055i,m0056i,m0058i,m0059i,m0060i,m0061i,m0062i,m0064i,m0066i,m0067i,m0069i,m0070i,m0071i,m0072i,m0074i,m0075i,m0077i,m0078i,m0079i,m0080i,m0084i,m0087i,m0088i,m0089i,m0090i,m0091i,m0092i,m0093i,m0094i,m0095i,m0096i,m0097i,m0098i,m0099i,m0100i,m0102i,m0103i,m0104i,m0106i,m0107i,m0108i,m0111i,m0112i,m0113i,m0114i,m0115i,m0116i,m0117i,m0118i,m0121i,m0122i,m0123i,m0124i,m0125i,m0126i,m0127i,m0128i,m0129i,m0130i,m0131i,m0132i,m0133i,m0134i,m0136i,m0137i,m0138i,m0139i,m0140i,m0141i,m0142i,m0143i,m0144i,m0145i,m0146i,m0147i,m0148i,m0149i,m0150i,m0152i,m0153i,m0154i,m0155i,m0157i,m0158i,m0159i,m0160i,m0239i,m0259i,m0271i,m0272i,m0273i,m0275i,m0276i,m0278i,m0279i,m0280i,m0281i,m0282i,m0283i,m0284i,m0285i,m0286i,m0287i,m0288i,m0319i,m0320i,m0321i,m0322i,m0323i,m0324i,m0325i,m0326i,m0327i,m0328i,m0329i,m0330i,m0331i,m0332i,m0334i,m0339i,m0348i,m0350i,m0358i,m0359i,m0367i,m0372i,m0373i,m0374i,m0377i,m0378i,m0381i,m0425i,m0426i,m0427i,m0428i,m0429i,m0430i,m0432i",wait_clip,,
0x31,49,0x80017BB4,True,True,573,"m0001i,m0002i,m0003i,m0004i,m0005i,m0006i,m0009i,m0011i,m0012i,m0013i,m0014i,m0016i,m0017i,m0018i,m0020i,m0021i,m0022i,m0023i,m0025i,m0026i,m0027i,m0028i,m0029i,m0030i,m0031i,m0032i,m0033i,m0034i,m0035i,m0036i,m0039i,m0041i,m0042i,m0043i,m0044i,m0045i,m0046i,m0047i,m0048i,m0049i,m0050i,m0051i,m0052i,m0055i,m0056i,m0057i,m0058i,m0059i,m0060i,m0061i,m0062i,m0063i,m0064i,m0065i,m0066i,m0067i,m0068i,m0069i,m0070i,m0071i,m0072i,m0073i,m0074i,m0075i,m0076i,m0077i,m0078i,m0079i,m0080i,m0081i,m0082i,m0083i,m0084i,m0085i,m0086i,m0087i,m0088i,m0089i,m0090i,m0091i,m0092i,m0093i,m0094i,m0095i,m0096i,m0097i,m0098i,m0099i,m0100i,m0102i,m0103i,m0104i,m0106i,m0107i,m0108i,m0111i,m0112i,m0113i,m0114i,m0115i,m0116i,m0117i,m0118i,m0120i,m0121i,m0122i,m0123i,m0124i,m0125i,m0126i,m0127i,m0128i,m0129i,m0130i,m0131i,m0132i,m0133i,m0134i,m0135i,m0136i,m0137i,m0138i,m0139i,m0140i,m0141i,m0142i,m0143i,m0144i,m0145i,m0146i,m0147i,m0148i,m0149i,m0150i,m0151i,m0152i,m0153i,m0154i,m0155i,m0156i,m0157i,m0158i,m0159i,m0160i,m0239i,m0259i,m0271i,m0272i,m0273i,m0275i,m0276i,m0278i,m0279i,m0280i,m0281i,m0282i,m0283i,m0284i,m0285i,m0286i,m0287i,m0288i,m0319i,m0320i,m0321i,m0322i,m0323i,m0324i,m0325i,m0326i,m0327i,m0328i,m0329i,m0330i,m0331i,m0332i,m0334i,m0339i,m0348i,m0349i,m0350i,m0351i,m0352i,m0353i,m0354i,m0355i,m0358i,m0359i,m0361i,m0362i,m0363i,m0366i,m0367i,m0372i,m0373i,m0374i,m0377i,m0378i,m0380i,m0381i,m0425i,m0426i,m0427i,m0428i,m0429i,m0430i,m0432i,m0438i",dest_token,0x8006E2D0 0x8006A25C,sw@0x8009D1A0 sw@0x8009D280 sw@0x800A0000
0x32,50,0x8001967C,True,True,18,"m0004i,m0016i,m0023i,m0139i,m0141i,m0160i,m0273i,m0276i,m0281i,m0282i,m0286i,m0319i,m0326i,m0328i,m0374i,m0432i",actor_flag_andnot_0x80,,sw@0x800A0098
0x33,51,0,False,False,0,,,,
0x34,52,0,False,False,0,,,,
0x35,53,0x80014E30,True,True,43,"m0012i,m0033i,m0039i,m0044i,m0046i,m0050i,m0055i,m0071i,m0088i,m0089i,m0157i,m0239i,m0259i,m0271i,m0272i,m0283i,m0284i,m0285i,m0286i,m0287i,m0288i,m0319i,m0352i,m0372i,m0373i,m0381i,m0426i,m0427i,m0430i,m0432i",fmv_index,0x80074DC0 0x80073A44 0x80074D28 0x80074A44 0x8006E6A8 0x8006E7E8 0x80072714 0x800726C4 0x80072724 0x8006E6A8 0x8006E7E8 0x80072714,sw@0x800B0000
0x36,54,0x80013E84,True,True,36,"m0023i,m0034i,m0275i,m0276i,m0278i,m0279i,m0280i,m0281i,m0282i,m0283i,m0284i,m0285i,m0286i,m0287i,m0348i",,0x8003708C 0x8003708C 0x80079FB4,
0x37,55,0x800196A0,True,True,47,"m0028i,m0032i,m0059i,m0062i,m0066i,m0067i,m0075i,m0078i,m0080i,m0082i,m0086i,m0089i,m0104i,m0113i,m0115i,m0116i,m0120i,m0122i,m0123i,m0145i,m0152i,m0153i,m0154i,m0156i,m0159i,m0273i,m0332i,m0350i,m0380i,m0429i,m0430i,m0432i",,,sw@0x800A0098
0x38,56,0,False,False,0,,,,
0x39,57,0x800196C4,True,True,21,"m0028i,m0032i,m0059i,m0062i,m0066i,m0067i,m0078i,m0082i,m0086i,m0089i,m0145i,m0152i,m0153i,m0154i,m0332i,m0350i,m0432i",,,sw@0x800A0098
0x3A,58,0,False,False,0,,,,
0x3B,59,0,False,False,0,,,,
0x3C,60,0,False,False,0,,,,
0x3D,61,0,False,False,0,,,,
0x3E,62,0x80017D3C,True,True,127,"m0020i,m0022i,m0028i,m0030i,m0031i,m0041i,m0042i,m0045i,m0047i,m0048i,m0051i,m0052i,m0055i,m0056i,m0079i,m0094i,m0095i,m0096i,m0097i,m0098i,m0099i,m0100i,m0102i,m0103i,m0104i,m0106i,m0108i,m0111i,m0112i,m0113i,m0114i,m0116i,m0117i,m0118i,m0120i,m0121i,m0125i,m0127i,m0128i,m0138i,m0140i,m0142i,m0145i,m0146i,m0147i,m0152i,m0154i,m0157i,m0239i,m0275i,m0276i,m0278i,m0279i,m0280i,m0281i,m0282i,m0283i,m0284i,m0285i,m0286i,m0287i,m0325i,m0327i,m0329i,m0331i,m0332i,m0334i,m0426i,m0429i,m0432i",,,sh@0x800A0224
0x3F,63,0x80017D5C,True,True,571,"m0001i,m0002i,m0003i,m0004i,m0005i,m0006i,m0009i,m0011i,m0012i,m0013i,m0014i,m0016i,m0017i,m0018i,m0020i,m0021i,m0022i,m0023i,m0025i,m0026i,m0027i,m0028i,m0029i,m0030i,m0031i,m0032i,m0033i,m0034i,m0041i,m0042i,m0043i,m0044i,m0045i,m0046i,m0047i,m0048i,m0051i,m0052i,m0055i,m0056i,m0057i,m0058i,m0059i,m0060i,m0061i,m0062i,m0063i,m0064i,m0065i,m0066i,m0067i,m0068i,m0069i,m0070i,m0071i,m0072i,m0073i,m0074i,m0075i,m0076i,m0077i,m0078i,m0079i,m0080i,m0081i,m0082i,m0083i,m0084i,m0085i,m0086i,m0087i,m0088i,m0089i,m0090i,m0091i,m0092i,m0093i,m0094i,m0095i,m0096i,m0097i,m0098i,m0099i,m0100i,m0102i,m0103i,m0104i,m0106i,m0107i,m0108i,m0111i,m0112i,m0113i,m0114i,m0115i,m0116i,m0117i,m0118i,m0120i,m0121i,m0122i,m0123i,m0124i,m0125i,m0126i,m0127i,m0128i,m0129i,m0130i,m0131i,m0132i,m0133i,m0134i,m0135i,m0136i,m0137i,m0138i,m0139i,m0140i,m0141i,m0142i,m0143i,m0144i,m0145i,m0146i,m0147i,m0148i,m0149i,m0150i,m0151i,m0152i,m0153i,m0154i,m0155i,m0156i,m0158i,m0159i,m0160i,m0239i,m0259i,m0271i,m0273i,m0275i,m0276i,m0278i,m0279i,m0280i,m0281i,m0282i,m0283i,m0284i,m0285i,m0286i,m0287i,m0288i,m0319i,m0320i,m0321i,m0322i,m0323i,m0324i,m0325i,m0326i,m0327i,m0328i,m0329i,m0330i,m0331i,m0332i,m0334i,m0339i,m0348i,m0349i,m0350i,m0358i,m0359i,m0367i,m0372i,m0373i,m0374i,m0377i,m0378i,m0380i,m0381i,m0428i,m0429i,m0430i,m0432i",control_restore,,sw@0x8009D2E8
0x40,64,0x80017D7C,True,True,1351,"m0001i,m0002i,m0003i,m0004i,m0005i,m0006i,m0009i,m0011i,m0012i,m0013i,m0014i,m0016i,m0017i,m0018i,m0020i,m0021i,m0022i,m0023i,m0025i,m0026i,m0027i,m0028i,m0029i,m0030i,m0031i,m0032i,m0033i,m0034i,m0035i,m0036i,m0039i,m0041i,m0042i,m0043i,m0044i,m0045i,m0046i,m0047i,m0048i,m0049i,m0050i,m0051i,m0052i,m0055i,m0056i,m0057i,m0058i,m0059i,m0060i,m0061i,m0062i,m0063i,m0064i,m0065i,m0066i,m0067i,m0068i,m0069i,m0070i,m0071i,m0072i,m0073i,m0074i,m0075i,m0076i,m0077i,m0078i,m0079i,m0080i,m0081i,m0082i,m0083i,m0084i,m0085i,m0086i,m0087i,m0088i,m0089i,m0090i,m0091i,m0092i,m0093i,m0094i,m0095i,m0096i,m0097i,m0098i,m0099i,m0100i,m0102i,m0103i,m0104i,m0106i,m0107i,m0108i,m0111i,m0112i,m0113i,m0114i,m0115i,m0116i,m0117i,m0118i,m0120i,m0121i,m0122i,m0123i,m0124i,m0125i,m0126i,m0127i,m0128i,m0129i,m0130i,m0131i,m0132i,m0133i,m0134i,m0135i,m0136i,m0137i,m0138i,m0139i,m0140i,m0141i,m0142i,m0143i,m0144i,m0145i,m0146i,m0147i,m0148i,m0149i,m0150i,m0151i,m0152i,m0153i,m0154i,m0155i,m0156i,m0157i,m0158i,m0159i,m0160i,m0239i,m0259i,m0271i,m0273i,m0275i,m0276i,m0278i,m0279i,m0280i,m0281i,m0282i,m0283i,m0284i,m0285i,m0286i,m0287i,m0288i,m0319i,m0320i,m0321i,m0322i,m0323i,m0324i,m0325i,m0326i,m0327i,m0328i,m0329i,m0330i,m0331i,m0332i,m0334i,m0339i,m0348i,m0349i,m0350i,m0351i,m0352i,m0358i,m0359i,m0367i,m0372i,m0373i,m0374i,m0377i,m0378i,m0380i,m0381i,m0425i,m0426i,m0427i,m0428i,m0429i,m0430i,m0432i",control_inhibit,,sw@0x8009D2E8
0x41,65,0x80017D9C,True,True,142,"m0003i,m0005i,m0012i,m0014i,m0016i,m0017i,m0018i,m0020i,m0021i,m0022i,m0027i,m0028i,m0030i,m0032i,m0041i,m0043i,m0044i,m0045i,m0046i,m0058i,m0059i,m0061i,m0062i,m0063i,m0065i,m0066i,m0067i,m0071i,m0075i,m0078i,m0080i,m0081i,m0082i,m0083i,m0085i,m0086i,m0087i,m0091i,m0092i,m0094i,m0100i,m0102i,m0103i,m0104i,m0107i,m0111i,m0113i,m0114i,m0115i,m0116i,m0118i,m0120i,m0121i,m0122i,m0126i,m0129i,m0137i,m0139i,m0140i,m0141i,m0145i,m0146i,m0147i,m0149i,m0151i,m0152i,m0153i,m0154i,m0156i,m0158i,m0319i,m0324i,m0326i,m0327i,m0328i,m0332i,m0349i,m0351i,m0352i,m0358i,m0373i,m0378i,m0380i",,,sw@0x800A0098
0x42,66,0x80017DC0,True,True,18,"m0016i,m0020i,m0023i,m0086i,m0094i,m0114i,m0158i,m0373i",,,sw@0x800A0098
0x43,67,0x80017DE4,True,True,276,"m0001i,m0005i,m0009i,m0011i,m0014i,m0016i,m0017i,m0020i,m0023i,m0028i,m0030i,m0031i,m0032i,m0033i,m0035i,m0039i,m0041i,m0042i,m0043i,m0044i,m0047i,m0048i,m0052i,m0059i,m0060i,m0061i,m0062i,m0064i,m0066i,m0069i,m0074i,m0075i,m0077i,m0078i,m0079i,m0080i,m0084i,m0087i,m0088i,m0092i,m0093i,m0095i,m0097i,m0099i,m0103i,m0104i,m0106i,m0108i,m0112i,m0113i,m0114i,m0115i,m0117i,m0118i,m0121i,m0126i,m0132i,m0137i,m0138i,m0139i,m0140i,m0141i,m0142i,m0144i,m0145i,m0146i,m0147i,m0148i,m0149i,m0152i,m0153i,m0154i,m0271i,m0273i,m0276i,m0283i,m0319i,m0324i,m0325i,m0326i,m0327i,m0328i,m0329i,m0332i,m0334i,m0351i,m0352i,m0358i,m0359i,m0372i,m0374i",,0x80037864,
0x44,68,0x800136C0,True,True,732,"m0003i,m0004i,m0006i,m0011i,m0012i,m0014i,m0016i,m0020i,m0022i,m0023i,m0025i,m0026i,m0027i,m0028i,m0030i,m0031i,m0032i,m0034i,m0041i,m0042i,m0043i,m0044i,m0045i,m0046i,m0047i,m0048i,m0049i,m0051i,m0052i,m0055i,m0056i,m0058i,m0059i,m0060i,m0061i,m0062i,m0063i,m0064i,m0065i,m0066i,m0067i,m0068i,m0069i,m0070i,m0072i,m0073i,m0074i,m0075i,m0076i,m0077i,m0078i,m0079i,m0080i,m0081i,m0082i,m0083i,m0084i,m0085i,m0086i,m0087i,m0088i,m0089i,m0090i,m0091i,m0092i,m0093i,m0094i,m0095i,m0096i,m0097i,m0098i,m0099i,m0100i,m0102i,m0103i,m0104i,m0106i,m0107i,m0108i,m0111i,m0112i,m0113i,m0114i,m0115i,m0116i,m0117i,m0118i,m0120i,m0121i,m0122i,m0123i,m0124i,m0125i,m0126i,m0127i,m0128i,m0129i,m0130i,m0131i,m0132i,m0133i,m0136i,m0137i,m0138i,m0139i,m0140i,m0141i,m0142i,m0144i,m0145i,m0146i,m0147i,m0148i,m0149i,m0150i,m0152i,m0153i,m0154i,m0155i,m0156i,m0157i,m0158i,m0159i,m0160i,m0239i,m0259i,m0271i,m0275i,m0276i,m0278i,m0281i,m0282i,m0283i,m0284i,m0285i,m0286i,m0287i,m0319i,m0320i,m0321i,m0323i,m0324i,m0325i,m0326i,m0327i,m0328i,m0329i,m0331i,m0332i,m0339i,m0348i,m0358i,m0359i,m0367i,m0373i,m0374i,m0378i,m0380i,m0381i,m0425i,m0426i,m0427i",,0x8003708C 0x8003708C 0x80079FB4 0x80077CF4 0x8003708C 0x80077DC4 0x8003708C,sh@0x800A003A sw@0x800A0068
0x45,69,0x80015648,True,True,666,"m0001i,m0002i,m0003i,m0012i,m0013i,m0014i,m0016i,m0020i,m0022i,m0023i,m0027i,m0028i,m0030i,m0034i,m0041i,m0042i,m0043i,m0045i,m0047i,m0052i,m0055i,m0059i,m0061i,m0062i,m0063i,m0065i,m0066i,m0067i,m0075i,m0078i,m0080i,m0081i,m0082i,m0083i,m0085i,m0087i,m0093i,m0094i,m0095i,m0096i,m0097i,m0098i,m0099i,m0100i,m0102i,m0103i,m0104i,m0107i,m0111i,m0113i,m0114i,m0115i,m0116i,m0117i,m0118i,m0120i,m0121i,m0122i,m0123i,m0125i,m0126i,m0129i,m0137i,m0139i,m0140i,m0141i,m0145i,m0146i,m0147i,m0149i,m0150i,m0152i,m0153i,m0154i,m0156i,m0159i,m0273i,m0275i,m0276i,m0324i,m0326i,m0327i,m0328i,m0331i,m0332i,m0348i,m0350i,m0358i,m0380i,m0428i,m0429i",,0x80079FB4,
0x46,70,0x80017C8C,True,True,41,"m0026i,m0031i,m0058i,m0128i,m0132i,m0134i,m0155i,m0160i,m0288i,m0320i,m0321i,m0323i,m0381i,m0426i",,0x800661EC,
0x47,71,0x80017CC4,True,False,0,,,,
0x48,72,0x80017CE8,True,True,78,"m0012i,m0013i,m0014i,m0016i,m0022i,m0027i,m0028i,m0030i,m0031i,m0032i,m0043i,m0059i,m0061i,m0062i,m0063i,m0065i,m0066i,m0067i,m0075i,m0078i,m0080i,m0081i,m0082i,m0083i,m0085i,m0086i,m0087i,m0089i,m0100i,m0104i,m0107i,m0111i,m0113i,m0114i,m0115i,m0116i,m0118i,m0120i,m0121i,m0122i,m0123i,m0126i,m0129i,m0137i,m0139i,m0140i,m0141i,m0145i,m0146i,m0147i,m0149i,m0152i,m0153i,m0154i,m0155i,m0156i,m0159i,m0239i,m0273i,m0283i,m0320i,m0321i,m0323i,m0324i,m0326i,m0327i,m0328i,m0332i,m0350i,m0358i,m0380i,m0381i,m0428i,m0429i,m0430i,m0432i",,0x800665A0,
0x49,73,0x80017D18,True,True,135,"m0012i,m0013i,m0014i,m0016i,m0022i,m0027i,m0028i,m0030i,m0032i,m0043i,m0059i,m0061i,m0062i,m0063i,m0065i,m0066i,m0067i,m0075i,m0078i,m0080i,m0081i,m0082i,m0083i,m0085i,m0086i,m0087i,m0089i,m0100i,m0104i,m0107i,m0111i,m0113i,m0114i,m0115i,m0116i,m0118i,m0120i,m0121i,m0122i,m0123i,m0126i,m0129i,m0137i,m0139i,m0140i,m0141i,m0145i,m0146i,m0147i,m0149i,m0152i,m0153i,m0154i,m0156i,m0159i,m0273i,m0324i,m0326i,m0327i,m0328i,m0332i,m0350i,m0358i,m0380i,m0428i,m0429i,m0430i,m0432i",,,sw@0x800C0000
0x4A,74,0x80017E68,True,False,0,,,,
0x4B,75,0x80013C34,True,True,821,"m0001i,m0002i,m0003i,m0005i,m0009i,m0012i,m0013i,m0014i,m0016i,m0017i,m0020i,m0021i,m0022i,m0023i,m0025i,m0027i,m0028i,m0030i,m0031i,m0032i,m0033i,m0034i,m0041i,m0042i,m0043i,m0044i,m0046i,m0047i,m0048i,m0051i,m0052i,m0055i,m0056i,m0058i,m0059i,m0061i,m0062i,m0063i,m0065i,m0066i,m0067i,m0069i,m0075i,m0078i,m0080i,m0081i,m0082i,m0083i,m0085i,m0086i,m0087i,m0088i,m0089i,m0090i,m0091i,m0093i,m0094i,m0096i,m0097i,m0098i,m0099i,m0100i,m0102i,m0103i,m0104i,m0107i,m0108i,m0111i,m0113i,m0114i,m0115i,m0116i,m0117i,m0118i,m0120i,m0121i,m0122i,m0123i,m0125i,m0126i,m0127i,m0129i,m0137i,m0139i,m0140i,m0141i,m0145i,m0146i,m0147i,m0149i,m0152i,m0153i,m0154i,m0156i,m0158i,m0159i,m0160i,m0239i,m0271i,m0273i,m0275i,m0276i,m0278i,m0283i,m0286i,m0287i,m0288i,m0319i,m0323i,m0324i,m0326i,m0327i,m0328i,m0329i,m0331i,m0332i,m0348i,m0350i,m0358i,m0359i,m0374i,m0380i,m0381i,m0427i,m0429i,m0430i,m0432i",,0x80079FB4,
0x4C,76,0x80017E9C,True,False,0,,,,
0x4D,77,0x80017EA4,True,True,1137,"m0012i,m0013i,m0014i,m0016i,m0022i,m0023i,m0027i,m0028i,m0030i,m0031i,m0032i,m0033i,m0034i,m0035i,m0036i,m0039i,m0041i,m0042i,m0043i,m0044i,m0045i,m0046i,m0047i,m0048i,m0052i,m0055i,m0059i,m0061i,m0062i,m0063i,m0064i,m0065i,m0066i,m0067i,m0075i,m0078i,m0080i,m0081i,m0082i,m0083i,m0085i,m0086i,m0087i,m0089i,m0098i,m0099i,m0100i,m0102i,m0104i,m0107i,m0111i,m0113i,m0114i,m0115i,m0116i,m0117i,m0118i,m0120i,m0121i,m0122i,m0123i,m0126i,m0127i,m0128i,m0129i,m0137i,m0139i,m0140i,m0141i,m0145i,m0146i,m0147i,m0149i,m0152i,m0153i,m0154i,m0156i,m0159i,m0239i,m0273i,m0275i,m0276i,m0278i,m0279i,m0280i,m0281i,m0282i,m0283i,m0284i,m0285i,m0286i,m0287i,m0320i,m0324i,m0325i,m0326i,m0327i,m0328i,m0332i,m0348i,m0350i,m0358i,m0373i,m0380i,m0426i,m0427i,m0428i,m0429i,m0430i,m0432i",,,sw@0x800A001C
0x4E,78,0x80017EC4,True,True,2667,"m0001i,m0002i,m0003i,m0004i,m0005i,m0006i,m0009i,m0011i,m0012i,m0014i,m0016i,m0017i,m0018i,m0020i,m0021i,m0022i,m0023i,m0025i,m0026i,m0027i,m0028i,m0030i,m0031i,m0032i,m0033i,m0034i,m0035i,m0036i,m0039i,m0041i,m0042i,m0043i,m0044i,m0045i,m0046i,m0047i,m0048i,m0049i,m0050i,m0051i,m0052i,m0055i,m0056i,m0058i,m0059i,m0060i,m0061i,m0062i,m0063i,m0064i,m0065i,m0066i,m0067i,m0070i,m0071i,m0072i,m0074i,m0075i,m0077i,m0078i,m0079i,m0080i,m0081i,m0082i,m0083i,m0084i,m0085i,m0087i,m0088i,m0089i,m0090i,m0091i,m0092i,m0093i,m0094i,m0095i,m0096i,m0097i,m0098i,m0099i,m0100i,m0102i,m0103i,m0104i,m0106i,m0107i,m0108i,m0111i,m0112i,m0113i,m0114i,m0115i,m0116i,m0117i,m0118i,m0120i,m0121i,m0122i,m0123i,m0124i,m0125i,m0126i,m0127i,m0128i,m0129i,m0130i,m0131i,m0132i,m0133i,m0134i,m0136i,m0137i,m0138i,m0139i,m0140i,m0141i,m0142i,m0143i,m0144i,m0145i,m0146i,m0147i,m0148i,m0149i,m0150i,m0152i,m0153i,m0154i,m0155i,m0157i,m0158i,m0159i,m0160i,m0239i,m0259i,m0271i,m0272i,m0273i,m0275i,m0276i,m0278i,m0279i,m0280i,m0281i,m0282i,m0283i,m0284i,m0285i,m0286i,m0287i,m0288i,m0319i,m0320i,m0321i,m0322i,m0323i,m0324i,m0325i,m0326i,m0327i,m0328i,m0329i,m0330i,m0331i,m0332i,m0334i,m0339i,m0348i,m0350i,m0358i,m0359i,m0367i,m0372i,m0373i,m0374i,m0377i,m0378i,m0381i,m0425i,m0426i,m0427i,m0428i,m0429i,m0430i,m0432i",clip_seek,,sw@0x800A0014
0x4F,79,0x80017EFC,True,True,16,"m0005i,m0034i,m0048i,m0086i,m0123i,m0144i,m0239i,m0319i",,,sw@0x800A0098
0x50,80,0x80017F20,True,True,11,"m0005i,m0034i,m0086i,m0123i,m0144i,m0319i",,,sw@0x800A0098
0x51,81,0x80017F44,True,False,0,,,,sw@0x800A0000
0x52,82,0x80017F88,True,True,10,"m0005i,m0023i,m0089i,m0273i,m0350i,m0428i,m0429i,m0430i,m0432i",,,sw@0x8009D1A0
0x53,83,0x80017FB0,True,True,276,"m0005i,m0012i,m0013i,m0014i,m0016i,m0022i,m0023i,m0027i,m0028i,m0030i,m0032i,m0059i,m0061i,m0062i,m0063i,m0065i,m0066i,m0067i,m0075i,m0078i,m0080i,m0081i,m0082i,m0083i,m0085i,m0086i,m0087i,m0089i,m0100i,m0104i,m0107i,m0111i,m0113i,m0114i,m0115i,m0116i,m0118i,m0120i,m0121i,m0122i,m0123i,m0126i,m0129i,m0137i,m0139i,m0140i,m0141i,m0145i,m0146i,m0147i,m0149i,m0152i,m0153i,m0154i,m0156i,m0159i,m0273i,m0324i,m0326i,m0327i,m0328i,m0332i,m0348i,m0350i,m0358i,m0380i,m0428i,m0429i,m0430i,m0432i",,,sw@0x8009D1A0
0x54,84,0x800143B0,True,True,757,"m0005i,m0012i,m0013i,m0014i,m0016i,m0022i,m0023i,m0027i,m0028i,m0030i,m0032i,m0034i,m0059i,m0061i,m0062i,m0063i,m0065i,m0066i,m0067i,m0075i,m0078i,m0080i,m0081i,m0082i,m0083i,m0085i,m0086i,m0087i,m0089i,m0100i,m0104i,m0107i,m0111i,m0113i,m0114i,m0115i,m0116i,m0118i,m0120i,m0121i,m0122i,m0123i,m0126i,m0129i,m0137i,m0139i,m0140i,m0141i,m0145i,m0146i,m0147i,m0149i,m0152i,m0153i,m0154i,m0156i,m0159i,m0324i,m0326i,m0327i,m0328i,m0332i,m0348i,m0350i,m0358i,m0380i,m0428i,m0429i,m0432i",,,
0x55,85,0x800144FC,True,True,89,"m0005i,m0012i,m0013i,m0014i,m0016i,m0022i,m0023i,m0027i,m0028i,m0030i,m0032i,m0034i,m0059i,m0061i,m0062i,m0063i,m0065i,m0066i,m0067i,m0075i,m0078i,m0080i,m0081i,m0082i,m0083i,m0085i,m0086i,m0087i,m0089i,m0100i,m0104i,m0107i,m0111i,m0113i,m0114i,m0115i,m0116i,m0118i,m0120i,m0121i,m0122i,m0123i,m0126i,m0129i,m0137i,m0139i,m0140i,m0141i,m0145i,m0146i,m0147i,m0149i,m0152i,m0153i,m0154i,m0156i,m0159i,m0273i,m0324i,m0326i,m0327i,m0328i,m0332i,m0348i,m0349i,m0350i,m0358i,m0380i,m0428i,m0429i,m0430i,m0432i",,0x80042EDC 0x8006D60C 0x80042F20 0x8006914C 0x80029810,sb@0x800B00F4 sw@0x800B0000 sb@0x800B00F4 sb@0x800B00F4 sb@0x800B00F4 sw@0x8009D1A0 sb@0x800B00F4 sb@0x800B00F4 sw@0x800B0000
0x56,86,0,False,False,0,,,,
0x57,87,0,False,False,0,,,,
0x58,88,0,False,False,0,,,,
0x59,89,0x80018004,True,True,779,"m0005i,m0012i,m0013i,m0014i,m0016i,m0022i,m0023i,m0027i,m0028i,m0030i,m0032i,m0034i,m0059i,m0061i,m0062i,m0063i,m0065i,m0066i,m0067i,m0075i,m0078i,m0080i,m0081i,m0082i,m0083i,m0085i,m0086i,m0087i,m0089i,m0100i,m0104i,m0107i,m0111i,m0113i,m0114i,m0115i,m0116i,m0118i,m0120i,m0121i,m0122i,m0123i,m0126i,m0129i,m0137i,m0139i,m0140i,m0141i,m0145i,m0146i,m0147i,m0149i,m0152i,m0153i,m0154i,m0156i,m0159i,m0273i,m0324i,m0326i,m0327i,m0328i,m0332i,m0348i,m0350i,m0358i,m0380i,m0428i,m0429i,m0430i,m0432i",,0x8002FE78 0x8003010C,
0x5A,90,0x80018164,True,True,4868,"m0005i,m0012i,m0013i,m0014i,m0016i,m0022i,m0023i,m0027i,m0028i,m0030i,m0032i,m0034i,m0059i,m0061i,m0062i,m0063i,m0065i,m0066i,m0067i,m0075i,m0078i,m0080i,m0081i,m0082i,m0083i,m0085i,m0086i,m0087i,m0089i,m0100i,m0104i,m0107i,m0111i,m0113i,m0114i,m0115i,m0116i,m0118i,m0120i,m0121i,m0122i,m0123i,m0126i,m0129i,m0137i,m0139i,m0140i,m0141i,m0145i,m0146i,m0147i,m0149i,m0152i,m0153i,m0154i,m0156i,m0159i,m0273i,m0324i,m0326i,m0327i,m0328i,m0332i,m0348i,m0350i,m0358i,m0380i,m0428i,m0429i,m0430i,m0432i",,0x8002FF78 0x80030220,
0x5B,91,0x800182A0,True,True,95,"m0001i,m0002i,m0009i,m0012i,m0014i,m0016i,m0017i,m0021i,m0022i,m0023i,m0026i,m0027i,m0028i,m0030i,m0032i,m0033i,m0035i,m0036i,m0039i,m0059i,m0061i,m0062i,m0063i,m0065i,m0066i,m0067i,m0075i,m0078i,m0080i,m0081i,m0082i,m0083i,m0085i,m0086i,m0087i,m0089i,m0094i,m0096i,m0100i,m0104i,m0107i,m0111i,m0113i,m0114i,m0115i,m0116i,m0118i,m0120i,m0121i,m0122i,m0123i,m0126i,m0129i,m0137i,m0139i,m0140i,m0141i,m0145i,m0146i,m0147i,m0149i,m0152i,m0153i,m0154i,m0156i,m0159i,m0160i,m0319i,m0324i,m0326i,m0327i,m0328i,m0332i,m0348i,m0350i,m0358i,m0359i,m0377i,m0380i,m0381i,m0428i,m0429i",,,sw@0x800C0000
0x5C,92,0x800182C0,True,True,151,"m0011i,m0012i,m0013i,m0014i,m0016i,m0022i,m0027i,m0028i,m0030i,m0032i,m0033i,m0034i,m0043i,m0059i,m0061i,m0062i,m0063i,m0065i,m0066i,m0067i,m0075i,m0078i,m0080i,m0081i,m0082i,m0083i,m0085i,m0086i,m0087i,m0089i,m0100i,m0104i,m0107i,m0111i,m0113i,m0114i,m0115i,m0116i,m0118i,m0120i,m0121i,m0122i,m0123i,m0126i,m0128i,m0129i,m0137i,m0139i,m0140i,m0141i,m0145i,m0146i,m0147i,m0149i,m0152i,m0153i,m0154i,m0156i,m0159i,m0160i,m0273i,m0324i,m0326i,m0327i,m0328i,m0332i,m0348i,m0350i,m0358i,m0380i,m0381i,m0428i,m0429i,m0430i,m0432i",,,sw@0x800C0000
0x5D,93,0x800182E0,True,True,668,"m0006i,m0011i,m0012i,m0013i,m0014i,m0016i,m0020i,m0022i,m0023i,m0027i,m0028i,m0030i,m0031i,m0032i,m0033i,m0034i,m0041i,m0042i,m0043i,m0044i,m0046i,m0047i,m0048i,m0051i,m0052i,m0055i,m0056i,m0058i,m0059i,m0061i,m0062i,m0063i,m0065i,m0066i,m0067i,m0068i,m0070i,m0072i,m0075i,m0076i,m0077i,m0078i,m0079i,m0080i,m0081i,m0082i,m0083i,m0085i,m0086i,m0087i,m0089i,m0090i,m0093i,m0100i,m0103i,m0104i,m0107i,m0108i,m0111i,m0113i,m0114i,m0115i,m0116i,m0117i,m0118i,m0120i,m0121i,m0122i,m0123i,m0125i,m0126i,m0127i,m0129i,m0130i,m0133i,m0137i,m0139i,m0140i,m0141i,m0142i,m0145i,m0146i,m0147i,m0148i,m0149i,m0152i,m0153i,m0154i,m0156i,m0157i,m0158i,m0159i,m0160i,m0239i,m0259i,m0271i,m0275i,m0276i,m0278i,m0279i,m0280i,m0281i,m0282i,m0283i,m0284i,m0285i,m0286i,m0287i,m0320i,m0321i,m0324i,m0326i,m0327i,m0328i,m0329i,m0332i,m0339i,m0348i,m0349i,m0358i,m0373i,m0374i,m0380i,m0425i,m0426i,m0427i,m0429i,m0430i,m0432i",,,sw@0x800A0020
0x5E,94,0x80014694,True,True,1688,"m0001i,m0002i,m0003i,m0004i,m0005i,m0009i,m0011i,m0012i,m0013i,m0014i,m0016i,m0017i,m0018i,m0020i,m0021i,m0022i,m0023i,m0026i,m0027i,m0028i,m0029i,m0030i,m0031i,m0032i,m0033i,m0034i,m0041i,m0042i,m0043i,m0044i,m0045i,m0046i,m0047i,m0048i,m0051i,m0052i,m0055i,m0056i,m0057i,m0058i,m0059i,m0060i,m0061i,m0062i,m0063i,m0064i,m0065i,m0066i,m0067i,m0068i,m0069i,m0070i,m0072i,m0073i,m0074i,m0075i,m0076i,m0077i,m0078i,m0079i,m0080i,m0081i,m0082i,m0083i,m0084i,m0085i,m0086i,m0087i,m0088i,m0089i,m0090i,m0092i,m0093i,m0094i,m0095i,m0096i,m0097i,m0098i,m0099i,m0100i,m0102i,m0103i,m0104i,m0106i,m0107i,m0108i,m0111i,m0112i,m0113i,m0114i,m0115i,m0116i,m0117i,m0118i,m0120i,m0121i,m0122i,m0123i,m0124i,m0125i,m0126i,m0127i,m0128i,m0129i,m0130i,m0132i,m0133i,m0135i,m0136i,m0137i,m0138i,m0139i,m0140i,m0141i,m0142i,m0143i,m0144i,m0145i,m0146i,m0147i,m0148i,m0149i,m0150i,m0151i,m0152i,m0153i,m0154i,m0155i,m0156i,m0159i,m0160i,m0273i,m0275i,m0276i,m0278i,m0279i,m0280i,m0281i,m0282i,m0283i,m0284i,m0285i,m0286i,m0287i,m0319i,m0320i,m0321i,m0322i,m0323i,m0324i,m0325i,m0326i,m0327i,m0328i,m0329i,m0330i,m0331i,m0332i,m0334i,m0339i,m0348i,m0349i,m0350i,m0358i,m0359i,m0374i,m0377i,m0378i,m0380i,m0381i,m0428i,m0429i,m0430i,m0432i",sample_actor_to_locals,,
0x5F,95,0x80018300,True,True,3,"m0020i,m0033i,m0097i",,,
0x60,96,0x80018364,True,True,3,"m0020i,m0033i,m0097i",,,
0x61,97,0x800148E0,True,False,0,,,0x8003708C 0x8003708C 0x80079FB4 0x80077CF4 0x8003708C 0x80077DC4 0x8003708C,sh@0x800A003A sw@0x800A0068
0x62,98,0x800183E8,True,False,0,,,,
0x63,99,0x80018460,True,False,0,,,,
0x64,100,0x800184EC,True,True,229,"m0005i,m0012i,m0013i,m0014i,m0016i,m0022i,m0023i,m0027i,m0028i,m0030i,m0032i,m0034i,m0059i,m0061i,m0062i,m0063i,m0065i,m0066i,m0067i,m0075i,m0078i,m0080i,m0081i,m0082i,m0083i,m0085i,m0086i,m0087i,m0089i,m0100i,m0104i,m0107i,m0111i,m0113i,m0114i,m0115i,m0116i,m0118i,m0120i,m0121i,m0122i,m0123i,m0126i,m0129i,m0137i,m0139i,m0140i,m0141i,m0145i,m0146i,m0147i,m0149i,m0152i,m0153i,m0154i,m0156i,m0159i,m0273i,m0324i,m0326i,m0327i,m0328i,m0332i,m0348i,m0350i,m0358i,m0380i,m0428i,m0429i,m0432i",,0x8002FAF8,
0x65,101,0x8001856C,True,True,1244,"m0001i,m0002i,m0003i,m0004i,m0005i,m0006i,m0009i,m0011i,m0012i,m0013i,m0014i,m0016i,m0017i,m0018i,m0020i,m0021i,m0022i,m0023i,m0025i,m0026i,m0027i,m0028i,m0030i,m0031i,m0032i,m0033i,m0034i,m0041i,m0042i,m0043i,m0044i,m0045i,m0046i,m0047i,m0048i,m0051i,m0052i,m0055i,m0056i,m0057i,m0058i,m0059i,m0060i,m0061i,m0062i,m0063i,m0064i,m0065i,m0066i,m0067i,m0068i,m0069i,m0070i,m0071i,m0072i,m0073i,m0074i,m0075i,m0076i,m0077i,m0078i,m0079i,m0080i,m0081i,m0082i,m0083i,m0084i,m0085i,m0086i,m0087i,m0088i,m0089i,m0090i,m0091i,m0092i,m0093i,m0094i,m0095i,m0096i,m0097i,m0098i,m0099i,m0100i,m0102i,m0103i,m0104i,m0106i,m0107i,m0108i,m0111i,m0112i,m0113i,m0114i,m0115i,m0116i,m0117i,m0118i,m0120i,m0121i,m0122i,m0123i,m0124i,m0125i,m0126i,m0127i,m0128i,m0129i,m0130i,m0131i,m0132i,m0133i,m0134i,m0135i,m0136i,m0137i,m0138i,m0139i,m0140i,m0141i,m0142i,m0143i,m0144i,m0145i,m0146i,m0147i,m0148i,m0149i,m0150i,m0151i,m0152i,m0153i,m0154i,m0155i,m0156i,m0157i,m0158i,m0159i,m0160i,m0239i,m0259i,m0271i,m0273i,m0275i,m0276i,m0278i,m0279i,m0280i,m0281i,m0282i,m0283i,m0284i,m0285i,m0286i,m0287i,m0288i,m0319i,m0320i,m0321i,m0322i,m0323i,m0324i,m0325i,m0326i,m0327i,m0328i,m0329i,m0330i,m0331i,m0332i,m0334i,m0339i,m0348i,m0349i,m0350i,m0358i,m0359i,m0367i,m0372i,m0373i,m0374i,m0377i,m0378i,m0380i,m0381i,m0425i,m0426i,m0428i,m0429i,m0430i,m0432i",zero_actor_velocity,,sw@0x800A0068 sw@0x800A006C sw@0x800A0070 sw@0x800A0078 sw@0x800A007C sw@0x800A0080
0x66,102,0x80018598,True,False,0,,,0x8003708C 0x8003708C 0x80077CF4 0x8003708C 0x80077DC4 0x8003708C,sw@0x800A0068 sw@0x800A0070
0x67,103,0x80018660,True,False,0,,,,sw@0x800A0000 sw@0x800A76CC sw@0x800A76C4 sw@0x800A0000 sw@0x800A0000
0x68,104,0x80018718,True,True,1,m0350i,,,sw@0x800A0000
0x69,105,0x80018754,True,False,0,,,,sw@0x800A0000
0x6A,106,0x80018774,True,True,324,"m0005i,m0012i,m0013i,m0014i,m0016i,m0017i,m0018i,m0021i,m0022i,m0023i,m0027i,m0028i,m0030i,m0032i,m0034i,m0045i,m0049i,m0050i,m0059i,m0061i,m0062i,m0063i,m0065i,m0066i,m0067i,m0075i,m0078i,m0080i,m0081i,m0082i,m0083i,m0085i,m0086i,m0087i,m0089i,m0090i,m0100i,m0102i,m0104i,m0107i,m0111i,m0113i,m0114i,m0115i,m0116i,m0118i,m0120i,m0121i,m0122i,m0123i,m0126i,m0129i,m0137i,m0139i,m0140i,m0141i,m0145i,m0146i,m0147i,m0149i,m0151i,m0152i,m0153i,m0154i,m0156i,m0159i,m0272i,m0273i,m0319i,m0324i,m0326i,m0327i,m0328i,m0332i,m0348i,m0349i,m0350i,m0358i,m0374i,m0380i,m0428i,m0429i,m0430i,m0432i",,0x8006F39C,
0x6B,107,0x800187C0,True,True,936,"m0005i,m0012i,m0013i,m0014i,m0016i,m0017i,m0018i,m0021i,m0022i,m0027i,m0028i,m0030i,m0032i,m0034i,m0045i,m0049i,m0050i,m0059i,m0061i,m0062i,m0063i,m0065i,m0066i,m0067i,m0075i,m0078i,m0080i,m0081i,m0082i,m0083i,m0085i,m0086i,m0087i,m0089i,m0090i,m0100i,m0102i,m0104i,m0107i,m0113i,m0114i,m0115i,m0116i,m0120i,m0121i,m0122i,m0123i,m0126i,m0129i,m0137i,m0139i,m0140i,m0141i,m0145i,m0146i,m0147i,m0149i,m0151i,m0152i,m0153i,m0154i,m0156i,m0159i,m0272i,m0273i,m0319i,m0324i,m0326i,m0327i,m0328i,m0332i,m0348i,m0349i,m0350i,m0358i,m0374i,m0380i,m0428i,m0429i,m0430i,m0432i",,0x8006F6D4,
0x6C,108,0x80018818,True,True,128,"m0022i,m0028i,m0032i,m0059i,m0061i,m0062i,m0066i,m0067i,m0075i,m0078i,m0080i,m0081i,m0082i,m0087i,m0089i,m0100i,m0107i,m0114i,m0116i,m0120i,m0121i,m0123i,m0145i,m0152i,m0153i,m0154i,m0273i,m0332i,m0350i,m0358i,m0428i,m0429i,m0432i",,0x8006F6D4,
0x6D,109,0x80018864,True,False,0,,,0x8006F820,
0x6E,110,0x80018894,True,False,0,,,0x8006F820,
0x6F,111,0x80018954,True,True,129,"m0005i,m0012i,m0013i,m0014i,m0016i,m0022i,m0023i,m0027i,m0028i,m0030i,m0032i,m0034i,m0059i,m0061i,m0062i,m0063i,m0065i,m0066i,m0067i,m0075i,m0078i,m0080i,m0081i,m0082i,m0083i,m0085i,m0086i,m0087i,m0089i,m0100i,m0104i,m0107i,m0111i,m0113i,m0114i,m0115i,m0116i,m0118i,m0120i,m0121i,m0122i,m0123i,m0126i,m0129i,m0137i,m0139i,m0140i,m0141i,m0145i,m0146i,m0147i,m0149i,m0152i,m0153i,m0154i,m0156i,m0159i,m0273i,m0324i,m0326i,m0327i,m0328i,m0332i,m0348i,m0350i,m0358i,m0380i,m0428i,m0429i,m0430i,m0432i",,0x8002F7D8,
0x70,112,0x8001897C,True,True,107,"m0005i,m0012i,m0013i,m0014i,m0016i,m0022i,m0023i,m0027i,m0028i,m0030i,m0032i,m0034i,m0059i,m0061i,m0062i,m0063i,m0065i,m0066i,m0067i,m0075i,m0078i,m0080i,m0081i,m0082i,m0083i,m0085i,m0086i,m0087i,m0089i,m0100i,m0104i,m0107i,m0111i,m0113i,m0114i,m0115i,m0116i,m0118i,m0120i,m0121i,m0122i,m0123i,m0141i,m0146i,m0149i,m0153i,m0154i,m0156i,m0159i,m0273i,m0328i,m0348i,m0350i,m0358i,m0380i,m0429i,m0430i,m0432i",,0x8002FA10,
0x71,113,0x80018A9C,True,True,152,"m0006i,m0041i,m0043i,m0046i,m0047i,m0048i,m0052i,m0063i,m0072i,m0076i,m0077i,m0097i,m0100i,m0103i,m0104i,m0108i,m0113i,m0114i,m0117i,m0124i,m0138i,m0139i,m0145i,m0149i,m0154i,m0158i,m0160i,m0239i,m0325i,m0326i,m0329i,m0353i,m0354i,m0355i,m0361i,m0363i,m0366i",,0x800671C8,
0x72,114,0x80018B00,True,True,846,"m0150i,m0160i,m0239i,m0323i,m0353i,m0354i,m0355i,m0361i,m0362i,m0363i,m0366i",,0x80067678,
0x73,115,0x80018B30,True,False,0,,,0x800679C4,
0x74,116,0x80018B68,True,True,511,"m0016i,m0017i,m0018i,m0021i,m0022i,m0032i,m0041i,m0042i,m0043i,m0045i,m0046i,m0047i,m0055i,m0056i,m0060i,m0062i,m0064i,m0067i,m0088i,m0089i,m0094i,m0099i,m0102i,m0103i,m0104i,m0106i,m0113i,m0114i,m0118i,m0120i,m0125i,m0126i,m0127i,m0128i,m0129i,m0130i,m0131i,m0132i,m0133i,m0136i,m0137i,m0138i,m0139i,m0140i,m0142i,m0144i,m0145i,m0148i,m0149i,m0150i,m0151i,m0152i,m0154i,m0155i,m0156i,m0158i,m0159i,m0275i,m0320i,m0321i,m0322i,m0323i,m0324i,m0325i,m0326i,m0327i,m0329i,m0331i,m0332i,m0339i,m0380i,m0381i",,0x8006590C,
0x75,117,0x80018B98,True,True,687,"m0003i,m0006i,m0012i,m0014i,m0016i,m0017i,m0018i,m0020i,m0021i,m0022i,m0026i,m0027i,m0028i,m0029i,m0030i,m0031i,m0032i,m0033i,m0034i,m0035i,m0036i,m0039i,m0041i,m0042i,m0043i,m0045i,m0046i,m0047i,m0051i,m0055i,m0056i,m0060i,m0062i,m0064i,m0067i,m0088i,m0089i,m0091i,m0092i,m0093i,m0094i,m0096i,m0097i,m0099i,m0100i,m0102i,m0103i,m0104i,m0106i,m0107i,m0112i,m0113i,m0114i,m0115i,m0116i,m0118i,m0120i,m0121i,m0122i,m0124i,m0125i,m0126i,m0127i,m0128i,m0129i,m0130i,m0131i,m0132i,m0133i,m0136i,m0137i,m0138i,m0139i,m0140i,m0142i,m0144i,m0145i,m0148i,m0149i,m0150i,m0151i,m0152i,m0154i,m0155i,m0156i,m0158i,m0159i,m0239i,m0271i,m0272i,m0275i,m0276i,m0284i,m0285i,m0287i,m0320i,m0321i,m0322i,m0323i,m0324i,m0325i,m0326i,m0327i,m0329i,m0331i,m0332i,m0334i,m0339i,m0348i,m0378i,m0380i,m0381i",camera_select,0x80065954,
0x76,118,0x80014BA0,True,True,112,"m0006i,m0023i,m0025i,m0026i,m0031i,m0041i,m0042i,m0043i,m0044i,m0047i,m0051i,m0052i,m0055i,m0070i,m0103i,m0114i,m0117i,m0121i,m0123i,m0125i,m0127i,m0138i,m0139i,m0141i,m0144i,m0146i,m0157i,m0159i,m0239i,m0276i,m0288i,m0320i,m0325i,m0326i,m0328i,m0339i,m0374i,m0426i,m0427i,m0432i",,,sh@0x800A003A sh@0x800A003A
0x77,119,0x80014DA0,True,True,816,"m0001i,m0002i,m0003i,m0004i,m0005i,m0009i,m0011i,m0012i,m0013i,m0014i,m0016i,m0017i,m0018i,m0020i,m0021i,m0022i,m0023i,m0026i,m0027i,m0028i,m0029i,m0030i,m0031i,m0032i,m0033i,m0034i,m0041i,m0042i,m0043i,m0044i,m0045i,m0046i,m0047i,m0048i,m0051i,m0052i,m0055i,m0056i,m0057i,m0058i,m0059i,m0060i,m0061i,m0062i,m0063i,m0064i,m0065i,m0066i,m0067i,m0068i,m0069i,m0070i,m0072i,m0073i,m0074i,m0075i,m0076i,m0077i,m0078i,m0079i,m0080i,m0081i,m0082i,m0083i,m0084i,m0085i,m0086i,m0087i,m0088i,m0089i,m0090i,m0092i,m0093i,m0094i,m0095i,m0096i,m0097i,m0098i,m0099i,m0100i,m0102i,m0103i,m0104i,m0106i,m0107i,m0108i,m0111i,m0112i,m0113i,m0114i,m0115i,m0116i,m0117i,m0118i,m0120i,m0121i,m0122i,m0124i,m0125i,m0126i,m0127i,m0128i,m0129i,m0130i,m0132i,m0133i,m0135i,m0136i,m0137i,m0138i,m0139i,m0140i,m0141i,m0142i,m0143i,m0144i,m0145i,m0146i,m0147i,m0148i,m0149i,m0150i,m0151i,m0152i,m0153i,m0154i,m0155i,m0156i,m0159i,m0160i,m0273i,m0275i,m0276i,m0278i,m0279i,m0280i,m0281i,m0282i,m0283i,m0284i,m0285i,m0286i,m0287i,m0319i,m0320i,m0321i,m0322i,m0323i,m0324i,m0325i,m0326i,m0327i,m0328i,m0329i,m0330i,m0331i,m0332i,m0334i,m0339i,m0348i,m0349i,m0350i,m0358i,m0359i,m0374i,m0377i,m0378i,m0380i,m0381i,m0428i,m0429i,m0430i,m0432i",volume_quad,0x8001CAB0,
0x78,120,0x80018BC8,True,True,332,"m0001i,m0002i,m0003i,m0012i,m0013i,m0014i,m0016i,m0022i,m0027i,m0028i,m0030i,m0032i,m0041i,m0042i,m0043i,m0047i,m0052i,m0055i,m0058i,m0059i,m0061i,m0062i,m0063i,m0065i,m0066i,m0067i,m0075i,m0078i,m0080i,m0081i,m0082i,m0083i,m0085i,m0086i,m0087i,m0089i,m0093i,m0094i,m0096i,m0097i,m0098i,m0100i,m0103i,m0104i,m0107i,m0111i,m0113i,m0114i,m0115i,m0116i,m0117i,m0118i,m0120i,m0121i,m0122i,m0123i,m0125i,m0126i,m0129i,m0137i,m0139i,m0140i,m0141i,m0145i,m0146i,m0147i,m0149i,m0152i,m0153i,m0154i,m0156i,m0273i,m0275i,m0276i,m0324i,m0326i,m0327i,m0328i,m0331i,m0332i,m0334i,m0348i,m0358i,m0374i,m0380i,m0428i,m0429i,m0432i",,,sw@0x800A0098
0x79,121,0x80018BEC,True,True,465,"m0001i,m0002i,m0003i,m0004i,m0005i,m0011i,m0012i,m0013i,m0014i,m0016i,m0017i,m0018i,m0020i,m0021i,m0022i,m0023i,m0027i,m0028i,m0030i,m0032i,m0035i,m0036i,m0039i,m0041i,m0042i,m0043i,m0044i,m0045i,m0046i,m0047i,m0052i,m0055i,m0058i,m0059i,m0061i,m0062i,m0063i,m0065i,m0066i,m0067i,m0075i,m0078i,m0080i,m0081i,m0082i,m0083i,m0085i,m0086i,m0087i,m0088i,m0089i,m0090i,m0091i,m0093i,m0094i,m0095i,m0096i,m0097i,m0098i,m0100i,m0102i,m0103i,m0104i,m0107i,m0108i,m0111i,m0113i,m0114i,m0115i,m0116i,m0117i,m0118i,m0120i,m0121i,m0122i,m0123i,m0125i,m0126i,m0127i,m0129i,m0137i,m0139i,m0140i,m0141i,m0145i,m0146i,m0147i,m0149i,m0151i,m0152i,m0153i,m0154i,m0156i,m0158i,m0159i,m0160i,m0239i,m0271i,m0272i,m0273i,m0275i,m0276i,m0278i,m0279i,m0280i,m0281i,m0282i,m0283i,m0284i,m0285i,m0286i,m0287i,m0319i,m0323i,m0324i,m0326i,m0327i,m0328i,m0329i,m0331i,m0332i,m0348i,m0350i,m0358i,m0359i,m0367i,m0373i,m0374i,m0380i,m0425i,m0426i,m0427i,m0429i,m0430i,m0432i",actor_flag_or_0x20,,sw@0x800A0098
0x7A,122,0x80018C10,True,False,0,,,0x8006599C,
0x7B,123,0x80018C58,True,True,683,"m0003i,m0006i,m0012i,m0014i,m0016i,m0017i,m0018i,m0020i,m0021i,m0022i,m0026i,m0027i,m0028i,m0029i,m0030i,m0031i,m0032i,m0033i,m0034i,m0035i,m0036i,m0039i,m0041i,m0042i,m0043i,m0045i,m0046i,m0047i,m0051i,m0052i,m0055i,m0056i,m0060i,m0062i,m0064i,m0067i,m0088i,m0089i,m0091i,m0092i,m0094i,m0096i,m0097i,m0099i,m0100i,m0102i,m0103i,m0104i,m0106i,m0107i,m0112i,m0113i,m0114i,m0116i,m0118i,m0120i,m0125i,m0126i,m0127i,m0128i,m0129i,m0130i,m0131i,m0132i,m0133i,m0136i,m0137i,m0138i,m0139i,m0140i,m0142i,m0144i,m0145i,m0148i,m0149i,m0150i,m0151i,m0152i,m0154i,m0155i,m0156i,m0158i,m0159i,m0239i,m0275i,m0276i,m0284i,m0285i,m0287i,m0320i,m0321i,m0322i,m0323i,m0324i,m0325i,m0326i,m0327i,m0329i,m0331i,m0332i,m0334i,m0339i,m0348i,m0378i,m0380i,m0381i",camera_param,0x800659C8,
0x7C,124,0x80018C88,True,False,0,,,0x800659F8,
0x7D,125,0x80018CB8,True,False,0,,,0x80065A60,
0x7E,126,0x80018CF0,True,True,65,"m0026i,m0027i,m0028i,m0029i,m0030i,m0031i,m0033i,m0034i,m0035i,m0036i,m0039i,m0089i,m0091i,m0116i,m0239i,m0271i,m0272i,m0334i,m0348i",,0x80065A9C,
0x7F,127,0x80018D20,True,True,2,m0239i,,0x80065A9C,
0x80,128,0x80018D50,True,True,224,"m0004i,m0016i,m0028i,m0031i,m0032i,m0041i,m0042i,m0043i,m0046i,m0048i,m0051i,m0052i,m0055i,m0056i,m0058i,m0061i,m0062i,m0064i,m0068i,m0070i,m0086i,m0089i,m0092i,m0093i,m0094i,m0097i,m0098i,m0099i,m0100i,m0107i,m0108i,m0111i,m0112i,m0113i,m0115i,m0116i,m0121i,m0122i,m0124i,m0126i,m0127i,m0128i,m0129i,m0132i,m0133i,m0136i,m0139i,m0141i,m0142i,m0145i,m0150i,m0152i,m0154i,m0155i,m0156i,m0276i,m0283i,m0320i,m0321i,m0323i,m0326i,m0328i,m0329i,m0332i,m0339i,m0358i,m0377i,m0381i",camera_table_or,,
0x81,129,0x80018DD4,True,True,70,"m0016i,m0032i,m0055i,m0062i,m0064i,m0070i,m0113i,m0126i,m0127i,m0128i,m0129i,m0132i,m0133i,m0136i,m0142i,m0145i,m0150i,m0152i,m0154i,m0155i,m0320i,m0321i,m0323i,m0329i,m0332i,m0339i,m0374i",,,
0x82,130,0x80018E58,True,True,215,"m0004i,m0005i,m0012i,m0014i,m0018i,m0023i,m0033i,m0034i,m0043i,m0044i,m0047i,m0048i,m0049i,m0050i,m0051i,m0052i,m0055i,m0058i,m0069i,m0070i,m0074i,m0093i,m0100i,m0103i,m0107i,m0108i,m0118i,m0144i,m0239i,m0271i,m0273i,m0276i,m0283i,m0288i,m0319i,m0348i,m0349i,m0350i,m0351i,m0352i,m0372i,m0381i,m0425i,m0426i,m0427i,m0429i,m0430i,m0432i,m0438i",cut_record_select,0x80066800,
0x83,131,0x800133E8,True,False,0,,,,
0x84,132,0x80018E84,True,True,171,"m0001i,m0002i,m0003i,m0004i,m0005i,m0009i,m0011i,m0012i,m0013i,m0014i,m0016i,m0017i,m0018i,m0020i,m0021i,m0022i,m0023i,m0033i,m0034i,m0035i,m0036i,m0039i,m0041i,m0042i,m0043i,m0044i,m0046i,m0048i,m0049i,m0050i,m0052i,m0055i,m0056i,m0057i,m0058i,m0059i,m0060i,m0061i,m0062i,m0063i,m0064i,m0065i,m0066i,m0067i,m0068i,m0069i,m0070i,m0072i,m0073i,m0074i,m0075i,m0076i,m0077i,m0078i,m0079i,m0080i,m0081i,m0082i,m0083i,m0084i,m0085i,m0086i,m0087i,m0088i,m0089i,m0090i,m0091i,m0092i,m0093i,m0094i,m0095i,m0096i,m0097i,m0098i,m0099i,m0100i,m0102i,m0103i,m0104i,m0106i,m0107i,m0108i,m0111i,m0112i,m0113i,m0114i,m0115i,m0116i,m0117i,m0118i,m0120i,m0121i,m0122i,m0123i,m0124i,m0125i,m0126i,m0127i,m0128i,m0129i,m0130i,m0131i,m0132i,m0133i,m0134i,m0135i,m0136i,m0137i,m0138i,m0139i,m0140i,m0141i,m0142i,m0143i,m0144i,m0145i,m0146i,m0147i,m0148i,m0149i,m0150i,m0151i,m0152i,m0153i,m0154i,m0155i,m0156i,m0157i,m0158i,m0159i,m0160i,m0239i,m0259i,m0272i,m0273i,m0275i,m0278i,m0286i,m0287i,m0319i,m0320i,m0321i,m0322i,m0323i,m0324i,m0325i,m0326i,m0327i,m0328i,m0329i,m0330i,m0331i,m0332i,m0334i,m0339i,m0348i,m0349i,m0350i,m0358i,m0359i,m0367i,m0372i,m0374i,m0377i,m0378i,m0380i,m0381i,m0428i,m0429i,m0430i,m0432i",camera_heading,,sh@0x800BD020 sh@0x800BD022
0x85,133,0x80018EB4,True,True,789,"m0001i,m0002i,m0003i,m0004i,m0005i,m0006i,m0009i,m0011i,m0012i,m0013i,m0014i,m0016i,m0017i,m0018i,m0020i,m0021i,m0022i,m0023i,m0025i,m0026i,m0027i,m0028i,m0029i,m0030i,m0031i,m0032i,m0033i,m0034i,m0035i,m0036i,m0039i,m0041i,m0042i,m0043i,m0044i,m0045i,m0046i,m0047i,m0048i,m0049i,m0050i,m0051i,m0052i,m0055i,m0056i,m0057i,m0058i,m0059i,m0060i,m0061i,m0062i,m0063i,m0064i,m0065i,m0066i,m0067i,m0068i,m0069i,m0070i,m0071i,m0072i,m0073i,m0074i,m0075i,m0076i,m0077i,m0078i,m0079i,m0080i,m0081i,m0082i,m0083i,m0084i,m0085i,m0086i,m0087i,m0088i,m0089i,m0090i,m0091i,m0092i,m0093i,m0094i,m0095i,m0096i,m0097i,m0098i,m0099i,m0100i,m0102i,m0103i,m0104i,m0106i,m0107i,m0108i,m0111i,m0112i,m0113i,m0114i,m0115i,m0116i,m0117i,m0118i,m0120i,m0121i,m0122i,m0123i,m0124i,m0125i,m0126i,m0127i,m0128i,m0129i,m0130i,m0131i,m0132i,m0133i,m0134i,m0135i,m0136i,m0137i,m0138i,m0139i,m0140i,m0141i,m0142i,m0143i,m0144i,m0145i,m0146i,m0147i,m0148i,m0149i,m0150i,m0151i,m0152i,m0153i,m0154i,m0155i,m0156i,m0157i,m0158i,m0159i,m0160i,m0239i,m0259i,m0271i,m0272i,m0273i,m0275i,m0276i,m0278i,m0279i,m0280i,m0281i,m0282i,m0283i,m0284i,m0285i,m0286i,m0287i,m0288i,m0319i,m0320i,m0321i,m0322i,m0323i,m0324i,m0325i,m0326i,m0327i,m0328i,m0329i,m0330i,m0331i,m0332i,m0334i,m0339i,m0348i,m0349i,m0350i,m0351i,m0352i,m0353i,m0354i,m0355i,m0358i,m0359i,m0361i,m0362i,m0363i,m0366i,m0372i,m0373i,m0374i,m0377i,m0378i,m0380i,m0381i,m0425i,m0426i,m0427i,m0428i,m0429i,m0430i,m0432i,m0438i",camera_mode2_fade,0x80066B60,
0x86,134,0x80018EE0,True,True,495,"m0001i,m0002i,m0003i,m0004i,m0005i,m0006i,m0009i,m0011i,m0012i,m0013i,m0014i,m0016i,m0017i,m0018i,m0020i,m0021i,m0022i,m0023i,m0025i,m0026i,m0027i,m0028i,m0029i,m0030i,m0031i,m0032i,m0033i,m0034i,m0035i,m0036i,m0039i,m0041i,m0042i,m0043i,m0044i,m0045i,m0046i,m0047i,m0048i,m0049i,m0050i,m0051i,m0052i,m0055i,m0056i,m0057i,m0058i,m0059i,m0060i,m0061i,m0062i,m0063i,m0064i,m0065i,m0066i,m0067i,m0068i,m0069i,m0070i,m0071i,m0072i,m0073i,m0074i,m0075i,m0076i,m0077i,m0078i,m0079i,m0080i,m0081i,m0082i,m0083i,m0084i,m0085i,m0086i,m0087i,m0088i,m0089i,m0090i,m0091i,m0092i,m0093i,m0094i,m0095i,m0096i,m0097i,m0098i,m0099i,m0100i,m0102i,m0103i,m0104i,m0106i,m0107i,m0108i,m0111i,m0112i,m0113i,m0114i,m0115i,m0116i,m0117i,m0118i,m0120i,m0121i,m0122i,m0123i,m0124i,m0125i,m0126i,m0127i,m0128i,m0129i,m0130i,m0131i,m0132i,m0133i,m0134i,m0135i,m0136i,m0137i,m0138i,m0139i,m0140i,m0141i,m0142i,m0143i,m0144i,m0145i,m0146i,m0147i,m0148i,m0149i,m0150i,m0151i,m0152i,m0153i,m0154i,m0155i,m0156i,m0157i,m0158i,m0159i,m0160i,m0239i,m0259i,m0271i,m0272i,m0273i,m0275i,m0276i,m0278i,m0279i,m0280i,m0281i,m0282i,m0283i,m0284i,m0285i,m0286i,m0287i,m0288i,m0319i,m0320i,m0321i,m0322i,m0323i,m0324i,m0325i,m0326i,m0327i,m0328i,m0329i,m0330i,m0331i,m0332i,m0334i,m0339i,m0348i,m0349i,m0350i,m0351i,m0352i,m0353i,m0354i,m0355i,m0358i,m0359i,m0361i,m0362i,m0363i,m0366i,m0367i,m0372i,m0373i,m0374i,m0377i,m0378i,m0380i,m0381i,m0425i,m0426i,m0427i,m0428i,m0429i,m0430i,m0432i,m0438i",camera_mode6,0x80066C7C,
0x87,135,0x80018F0C,True,True,79,"m0005i,m0023i,m0033i,m0034i,m0047i,m0092i,m0093i,m0094i,m0095i,m0096i,m0097i,m0123i,m0125i,m0126i,m0136i,m0147i,m0239i,m0283i,m0284i,m0285i,m0286i,m0287i,m0319i,m0354i,m0355i,m0361i,m0363i,m0366i,m0367i,m0428i",,0x80066BD8,
0x88,136,0x80018F54,True,True,208,"m0001i,m0002i,m0003i,m0004i,m0005i,m0006i,m0009i,m0011i,m0012i,m0013i,m0014i,m0016i,m0017i,m0018i,m0020i,m0021i,m0022i,m0023i,m0025i,m0026i,m0027i,m0028i,m0029i,m0030i,m0031i,m0032i,m0033i,m0034i,m0035i,m0036i,m0039i,m0041i,m0042i,m0043i,m0044i,m0045i,m0046i,m0047i,m0048i,m0049i,m0050i,m0051i,m0052i,m0055i,m0056i,m0057i,m0058i,m0059i,m0060i,m0061i,m0062i,m0063i,m0064i,m0065i,m0066i,m0067i,m0068i,m0069i,m0070i,m0071i,m0072i,m0073i,m0074i,m0075i,m0076i,m0077i,m0078i,m0079i,m0080i,m0081i,m0082i,m0083i,m0084i,m0085i,m0086i,m0087i,m0088i,m0089i,m0090i,m0091i,m0092i,m0093i,m0094i,m0095i,m0096i,m0097i,m0098i,m0099i,m0100i,m0102i,m0103i,m0104i,m0106i,m0107i,m0108i,m0111i,m0112i,m0113i,m0114i,m0115i,m0116i,m0117i,m0118i,m0120i,m0121i,m0122i,m0123i,m0124i,m0125i,m0126i,m0127i,m0128i,m0129i,m0130i,m0131i,m0132i,m0133i,m0134i,m0135i,m0136i,m0137i,m0138i,m0139i,m0140i,m0141i,m0142i,m0143i,m0144i,m0145i,m0146i,m0147i,m0148i,m0149i,m0150i,m0151i,m0152i,m0153i,m0154i,m0155i,m0156i,m0157i,m0158i,m0159i,m0160i,m0239i,m0259i,m0271i,m0272i,m0273i,m0275i,m0276i,m0278i,m0279i,m0280i,m0281i,m0282i,m0283i,m0284i,m0285i,m0286i,m0287i,m0288i,m0319i,m0320i,m0321i,m0322i,m0323i,m0324i,m0325i,m0326i,m0327i,m0328i,m0329i,m0330i,m0331i,m0332i,m0334i,m0339i,m0348i,m0350i,m0351i,m0352i,m0353i,m0354i,m0355i,m0358i,m0359i,m0361i,m0362i,m0363i,m0366i,m0367i,m0372i,m0373i,m0374i,m0377i,m0378i,m0380i,m0381i,m0425i,m0426i,m0427i,m0428i,m0429i,m0430i,m0432i,m0438i",camera_bit_clear,,sb@0x800C0000
0x89,137,0x80017FF0,True,True,100,"m0005i,m0012i,m0013i,m0014i,m0016i,m0022i,m0023i,m0027i,m0028i,m0030i,m0032i,m0034i,m0059i,m0061i,m0062i,m0063i,m0065i,m0066i,m0067i,m0075i,m0078i,m0080i,m0081i,m0082i,m0083i,m0085i,m0086i,m0087i,m0089i,m0100i,m0104i,m0107i,m0111i,m0113i,m0114i,m0115i,m0116i,m0118i,m0120i,m0121i,m0122i,m0123i,m0126i,m0129i,m0137i,m0139i,m0140i,m0141i,m0145i,m0146i,m0147i,m0149i,m0152i,m0153i,m0154i,m0156i,m0159i,m0273i,m0324i,m0326i,m0327i,m0328i,m0332i,m0348i,m0349i,m0350i,m0358i,m0380i,m0428i,m0429i,m0430i,m0432i",,,sw@0x8009D28C
0x8A,138,0x80017FDC,True,False,0,,,,sw@0x8009D28C
0x8B,139,0x80018080,True,True,390,"m0005i,m0012i,m0013i,m0014i,m0016i,m0022i,m0023i,m0027i,m0028i,m0030i,m0032i,m0034i,m0059i,m0061i,m0062i,m0063i,m0065i,m0066i,m0067i,m0075i,m0078i,m0080i,m0081i,m0082i,m0083i,m0085i,m0086i,m0087i,m0089i,m0100i,m0104i,m0107i,m0111i,m0113i,m0114i,m0115i,m0116i,m0118i,m0120i,m0121i,m0122i,m0123i,m0126i,m0129i,m0137i,m0139i,m0140i,m0141i,m0145i,m0146i,m0147i,m0149i,m0152i,m0153i,m0154i,m0156i,m0159i,m0273i,m0324i,m0326i,m0327i,m0328i,m0332i,m0348i,m0349i,m0350i,m0358i,m0380i,m0428i,m0429i,m0430i,m0432i",,0x8002FE78 0x8003010C,
0x8C,140,0x80018FDC,True,True,15,"m0012i,m0033i,m0044i,m0050i,m0088i,m0089i,m0239i,m0271i,m0272i,m0288i,m0319i,m0372i,m0426i",,0x8006EBE4 0x8006EC08,
0x8D,141,0x80019050,True,True,31,"m0033i,m0044i,m0055i,m0088i,m0089i,m0157i,m0271i,m0272i,m0283i,m0284i,m0285i,m0286i,m0287i,m0288i,m0319i,m0352i,m0373i,m0381i,m0426i,m0427i,m0430i,m0432i",,,
0x8E,142,0x80019058,True,False,0,,,,
0x8F,143,0x80019060,True,True,43,"m0012i,m0033i,m0039i,m0044i,m0046i,m0050i,m0055i,m0071i,m0088i,m0089i,m0157i,m0239i,m0259i,m0271i,m0272i,m0283i,m0284i,m0285i,m0286i,m0287i,m0288i,m0319i,m0352i,m0372i,m0373i,m0381i,m0426i,m0427i,m0430i,m0432i",,0x8006EC08,
0x90,144,0x800190B4,True,False,0,,,,
0x91,145,0x800190AC,True,True,43,"m0012i,m0033i,m0039i,m0044i,m0046i,m0050i,m0055i,m0071i,m0088i,m0089i,m0157i,m0239i,m0259i,m0271i,m0272i,m0283i,m0284i,m0285i,m0286i,m0287i,m0288i,m0319i,m0352i,m0372i,m0373i,m0381i,m0426i,m0427i,m0430i,m0432i",,,
0x92,146,0x80014FD8,True,True,226,"m0012i,m0013i,m0014i,m0016i,m0022i,m0027i,m0028i,m0030i,m0032i,m0059i,m0061i,m0062i,m0063i,m0065i,m0066i,m0067i,m0075i,m0078i,m0080i,m0081i,m0082i,m0083i,m0085i,m0086i,m0087i,m0089i,m0100i,m0104i,m0107i,m0111i,m0113i,m0114i,m0115i,m0116i,m0118i,m0120i,m0121i,m0122i,m0123i,m0126i,m0129i,m0137i,m0139i,m0140i,m0141i,m0145i,m0146i,m0147i,m0149i,m0152i,m0153i,m0154i,m0156i,m0159i,m0273i,m0324i,m0326i,m0327i,m0328i,m0332i,m0349i,m0350i,m0358i,m0380i,m0428i,m0429i,m0430i,m0432i",,0x8003C5D8 0x8003C5D8,sw@0x800A0098 sh@0x800A0250 sw@0x8009D2E8 sh@0x800B0D88 sw@0x800B0010
0x93,147,0x800190BC,True,True,11,"m0011i,m0022i,m0031i,m0072i,m0077i,m0079i,m0127i,m0283i,m0323i,m0329i,m0428i",,0x8003C5D8 0x8003C5D8,sh@0x800A0250 sh@0x800B0D88
0x94,148,0x80019154,True,True,399,"m0005i,m0012i,m0013i,m0014i,m0016i,m0022i,m0023i,m0027i,m0028i,m0030i,m0032i,m0034i,m0059i,m0061i,m0062i,m0063i,m0065i,m0066i,m0067i,m0075i,m0078i,m0080i,m0081i,m0082i,m0083i,m0085i,m0086i,m0087i,m0089i,m0100i,m0104i,m0107i,m0111i,m0113i,m0114i,m0115i,m0116i,m0118i,m0120i,m0121i,m0122i,m0123i,m0126i,m0129i,m0137i,m0139i,m0140i,m0141i,m0145i,m0146i,m0147i,m0149i,m0152i,m0153i,m0154i,m0156i,m0159i,m0273i,m0324i,m0326i,m0327i,m0328i,m0332i,m0348i,m0349i,m0350i,m0358i,m0380i,m0428i,m0429i,m0430i,m0432i",,,
0x95,149,0x800192B8,True,True,83,"m0005i,m0012i,m0013i,m0014i,m0016i,m0022i,m0023i,m0027i,m0028i,m0030i,m0032i,m0034i,m0059i,m0061i,m0062i,m0063i,m0065i,m0066i,m0067i,m0075i,m0078i,m0080i,m0081i,m0082i,m0083i,m0085i,m0086i,m0087i,m0089i,m0100i,m0104i,m0107i,m0111i,m0113i,m0114i,m0115i,m0116i,m0118i,m0120i,m0121i,m0122i,m0123i,m0126i,m0129i,m0137i,m0139i,m0140i,m0141i,m0145i,m0146i,m0147i,m0149i,m0152i,m0153i,m0154i,m0156i,m0159i,m0273i,m0324i,m0326i,m0327i,m0328i,m0332i,m0348i,m0349i,m0350i,m0358i,m0380i,m0428i,m0429i,m0430i,m0432i",,,sw@0x8009D28C
0x96,150,0x800192C8,True,True,11,"m0005i,m0023i,m0034i,m0089i,m0156i,m0273i,m0350i,m0428i,m0429i,m0430i,m0432i",,,sw@0x8009D28C
0x97,151,0x800192DC,True,True,227,"m0022i,m0028i,m0032i,m0050i,m0059i,m0061i,m0062i,m0065i,m0066i,m0067i,m0075i,m0078i,m0080i,m0081i,m0082i,m0085i,m0087i,m0089i,m0090i,m0100i,m0104i,m0107i,m0113i,m0115i,m0116i,m0120i,m0121i,m0122i,m0123i,m0137i,m0140i,m0141i,m0145i,m0146i,m0147i,m0152i,m0153i,m0154i,m0156i,m0159i,m0273i,m0324i,m0327i,m0328i,m0332i,m0350i,m0358i,m0374i,m0380i,m0428i,m0429i",,0x8006FC18,
0x98,152,0x8001930C,True,True,6,"m0005i,m0273i,m0350i",,0x8006FE14,
0x99,153,0x800193B8,True,True,137,"m0012i,m0013i,m0014i,m0016i,m0022i,m0027i,m0028i,m0030i,m0032i,m0059i,m0061i,m0062i,m0063i,m0065i,m0066i,m0067i,m0075i,m0078i,m0080i,m0081i,m0082i,m0083i,m0085i,m0086i,m0087i,m0089i,m0100i,m0104i,m0107i,m0111i,m0113i,m0114i,m0115i,m0116i,m0118i,m0120i,m0121i,m0122i,m0123i,m0126i,m0129i,m0137i,m0139i,m0140i,m0141i,m0145i,m0146i,m0147i,m0149i,m0152i,m0153i,m0154i,m0156i,m0159i,m0273i,m0324i,m0326i,m0327i,m0328i,m0332i,m0350i,m0358i,m0380i,m0428i,m0429i,m0430i,m0432i",,0x800703F4,
0x9A,154,0x800193D8,True,True,52,"m0045i,m0046i,m0052i,m0055i,m0064i,m0091i,m0094i,m0100i,m0102i,m0114i,m0115i,m0118i,m0120i,m0121i,m0122i,m0124i",,0x80065AD4,
0x9B,155,0x80015240,True,True,620,"m0001i,m0002i,m0003i,m0004i,m0005i,m0006i,m0009i,m0011i,m0012i,m0013i,m0014i,m0016i,m0017i,m0018i,m0020i,m0021i,m0022i,m0023i,m0025i,m0026i,m0027i,m0028i,m0029i,m0030i,m0031i,m0032i,m0033i,m0034i,m0035i,m0036i,m0039i,m0041i,m0042i,m0043i,m0044i,m0045i,m0046i,m0047i,m0048i,m0049i,m0050i,m0051i,m0052i,m0055i,m0056i,m0057i,m0058i,m0059i,m0060i,m0061i,m0062i,m0063i,m0064i,m0065i,m0066i,m0067i,m0068i,m0069i,m0070i,m0071i,m0072i,m0073i,m0074i,m0075i,m0076i,m0077i,m0078i,m0079i,m0080i,m0081i,m0082i,m0083i,m0084i,m0085i,m0086i,m0087i,m0088i,m0089i,m0090i,m0091i,m0092i,m0093i,m0094i,m0095i,m0096i,m0097i,m0098i,m0099i,m0100i,m0102i,m0103i,m0104i,m0106i,m0107i,m0108i,m0111i,m0112i,m0113i,m0114i,m0115i,m0116i,m0117i,m0118i,m0120i,m0121i,m0122i,m0123i,m0124i,m0125i,m0126i,m0127i,m0128i,m0129i,m0130i,m0131i,m0132i,m0133i,m0134i,m0135i,m0136i,m0137i,m0138i,m0139i,m0140i,m0141i,m0142i,m0143i,m0144i,m0145i,m0146i,m0147i,m0148i,m0149i,m0150i,m0151i,m0152i,m0153i,m0154i,m0155i,m0156i,m0157i,m0158i,m0159i,m0160i,m0239i,m0259i,m0271i,m0272i,m0273i,m0275i,m0276i,m0278i,m0279i,m0280i,m0281i,m0282i,m0283i,m0284i,m0285i,m0286i,m0287i,m0288i,m0319i,m0320i,m0321i,m0322i,m0323i,m0324i,m0325i,m0326i,m0327i,m0328i,m0329i,m0330i,m0331i,m0332i,m0334i,m0339i,m0348i,m0350i,m0358i,m0359i,m0367i,m0372i,m0373i,m0374i,m0377i,m0378i,m0380i,m0381i,m0425i,m0426i,m0427i,m0428i,m0429i,m0430i,m0432i",,0x800794C4,sw@0x800A01FC sw@0x800A0200 sw@0x800A0204 sh@0x800A01E0 sh@0x800A01E2 sh@0x800A01E4 sh@0x800A0000 sh@0x800A0006 sh@0x800A000C sh@0x800A0000 sh@0x800A0006 sh@0x800A000C
0x9C,156,0x80019410,True,True,999,"m0001i,m0002i,m0003i,m0004i,m0005i,m0006i,m0009i,m0011i,m0012i,m0013i,m0014i,m0016i,m0017i,m0018i,m0020i,m0021i,m0022i,m0023i,m0025i,m0026i,m0027i,m0028i,m0029i,m0030i,m0031i,m0032i,m0033i,m0034i,m0035i,m0036i,m0039i,m0041i,m0042i,m0043i,m0044i,m0045i,m0046i,m0047i,m0048i,m0049i,m0050i,m0051i,m0052i,m0055i,m0056i,m0058i,m0059i,m0061i,m0062i,m0063i,m0064i,m0065i,m0066i,m0067i,m0068i,m0069i,m0070i,m0071i,m0072i,m0075i,m0078i,m0080i,m0081i,m0082i,m0083i,m0085i,m0086i,m0087i,m0088i,m0089i,m0090i,m0091i,m0092i,m0093i,m0094i,m0095i,m0096i,m0097i,m0098i,m0099i,m0100i,m0102i,m0103i,m0104i,m0106i,m0107i,m0108i,m0111i,m0112i,m0113i,m0114i,m0115i,m0116i,m0117i,m0118i,m0120i,m0121i,m0122i,m0123i,m0124i,m0125i,m0126i,m0127i,m0128i,m0129i,m0130i,m0131i,m0132i,m0133i,m0134i,m0135i,m0136i,m0137i,m0138i,m0139i,m0140i,m0141i,m0142i,m0143i,m0144i,m0145i,m0146i,m0147i,m0148i,m0149i,m0150i,m0151i,m0152i,m0153i,m0154i,m0155i,m0156i,m0157i,m0158i,m0159i,m0160i,m0239i,m0259i,m0271i,m0272i,m0273i,m0275i,m0276i,m0278i,m0279i,m0280i,m0281i,m0282i,m0283i,m0284i,m0285i,m0286i,m0287i,m0288i,m0319i,m0320i,m0321i,m0322i,m0323i,m0324i,m0325i,m0326i,m0327i,m0328i,m0329i,m0330i,m0331i,m0332i,m0334i,m0339i,m0348i,m0349i,m0350i,m0351i,m0352i,m0353i,m0354i,m0355i,m0358i,m0359i,m0361i,m0362i,m0363i,m0366i,m0367i,m0372i,m0373i,m0374i,m0377i,m0378i,m0380i,m0381i,m0425i,m0426i,m0427i,m0428i,m0429i,m0430i,m0432i,m0438i",wait_camera_ready,,
0x9D,157,0x80019450,True,True,288,"m0002i,m0003i,m0012i,m0013i,m0014i,m0016i,m0022i,m0027i,m0028i,m0030i,m0032i,m0034i,m0043i,m0047i,m0048i,m0052i,m0059i,m0061i,m0062i,m0063i,m0065i,m0066i,m0067i,m0075i,m0078i,m0080i,m0081i,m0082i,m0083i,m0085i,m0086i,m0087i,m0089i,m0090i,m0091i,m0092i,m0093i,m0094i,m0095i,m0096i,m0097i,m0099i,m0100i,m0103i,m0104i,m0106i,m0107i,m0108i,m0111i,m0112i,m0113i,m0114i,m0115i,m0116i,m0118i,m0120i,m0121i,m0122i,m0123i,m0126i,m0129i,m0137i,m0138i,m0139i,m0140i,m0141i,m0142i,m0145i,m0146i,m0147i,m0149i,m0152i,m0153i,m0154i,m0156i,m0157i,m0159i,m0239i,m0259i,m0271i,m0272i,m0273i,m0275i,m0276i,m0278i,m0279i,m0280i,m0281i,m0282i,m0283i,m0284i,m0285i,m0286i,m0287i,m0324i,m0325i,m0326i,m0327i,m0328i,m0329i,m0332i,m0348i,m0350i,m0358i,m0367i,m0380i,m0426i,m0429i",,,
0x9E,158,0,False,False,0,,,,
0x9F,159,0,False,False,0,,,,
0xA0,160,0,False,False,0,,,,
0xA1,161,0,False,False,0,,,,
0xA2,162,0,False,False,0,,,,
0xA3,163,0,False,False,0,,,,
0xA4,164,0x80015108,True,True,7,"m0034i,m0123i,m0273i",,0x8003DF50 0x8003A6A8,sw@0x800A018C sw@0x800A0028 sw@0x800A002C sw@0x800A0030 sw@0x800A0098
0xA5,165,0x800155FC,True,True,202,"m0012i,m0013i,m0014i,m0016i,m0022i,m0027i,m0028i,m0030i,m0031i,m0032i,m0059i,m0061i,m0062i,m0063i,m0065i,m0066i,m0067i,m0075i,m0078i,m0080i,m0081i,m0082i,m0083i,m0085i,m0086i,m0087i,m0089i,m0100i,m0104i,m0107i,m0111i,m0113i,m0114i,m0115i,m0116i,m0118i,m0120i,m0121i,m0122i,m0123i,m0126i,m0128i,m0129i,m0132i,m0134i,m0137i,m0139i,m0140i,m0141i,m0145i,m0146i,m0147i,m0149i,m0152i,m0153i,m0154i,m0155i,m0156i,m0159i,m0239i,m0273i,m0283i,m0288i,m0320i,m0321i,m0323i,m0324i,m0326i,m0327i,m0328i,m0332i,m0348i,m0350i,m0358i,m0380i,m0381i,m0425i,m0426i,m0428i,m0429i,m0430i,m0432i",,,
0xA6,166,0x80019484,True,True,8,"m0005i,m0052i",,0x800438C0,
0xA7,167,0x800194B0,True,True,206,"m0001i,m0005i,m0009i,m0014i,m0016i,m0017i,m0018i,m0020i,m0021i,m0022i,m0028i,m0030i,m0031i,m0041i,m0045i,m0047i,m0048i,m0052i,m0059i,m0060i,m0061i,m0062i,m0064i,m0066i,m0074i,m0075i,m0077i,m0078i,m0079i,m0080i,m0084i,m0092i,m0093i,m0095i,m0097i,m0099i,m0100i,m0102i,m0103i,m0104i,m0106i,m0108i,m0111i,m0112i,m0113i,m0114i,m0116i,m0117i,m0118i,m0120i,m0121i,m0125i,m0126i,m0137i,m0138i,m0139i,m0140i,m0141i,m0142i,m0143i,m0145i,m0146i,m0147i,m0148i,m0149i,m0152i,m0153i,m0154i,m0276i,m0283i,m0324i,m0325i,m0326i,m0327i,m0328i,m0329i,m0330i,m0331i,m0332i,m0334i,m0358i,m0430i",,0x80053D2C,
0xA8,168,0x800194F8,True,True,35,"m0045i,m0048i,m0051i,m0052i,m0062i,m0064i,m0067i,m0102i,m0107i,m0108i,m0127i,m0144i,m0154i",,0x80053E6C,
0xA9,169,0x80019540,True,True,199,"m0005i,m0009i,m0014i,m0016i,m0020i,m0028i,m0030i,m0031i,m0047i,m0048i,m0052i,m0059i,m0060i,m0061i,m0062i,m0066i,m0074i,m0075i,m0077i,m0078i,m0079i,m0080i,m0084i,m0092i,m0095i,m0097i,m0104i,m0106i,m0108i,m0112i,m0113i,m0114i,m0118i,m0126i,m0137i,m0138i,m0139i,m0140i,m0141i,m0142i,m0145i,m0146i,m0147i,m0148i,m0149i,m0152i,m0153i,m0154i,m0283i,m0324i,m0325i,m0326i,m0327i,m0328i,m0329i,m0332i,m0334i,m0358i",,0x80067CBC 0x8004C34C,sw@0x800A0000
0xAA,170,0x80019618,True,True,1363,"m0001i,m0002i,m0003i,m0004i,m0005i,m0006i,m0009i,m0011i,m0012i,m0013i,m0014i,m0016i,m0017i,m0018i,m0020i,m0021i,m0022i,m0023i,m0025i,m0026i,m0027i,m0028i,m0029i,m0030i,m0031i,m0032i,m0033i,m0034i,m0035i,m0036i,m0039i,m0041i,m0042i,m0043i,m0044i,m0045i,m0046i,m0047i,m0048i,m0049i,m0050i,m0051i,m0052i,m0055i,m0056i,m0057i,m0058i,m0059i,m0060i,m0061i,m0062i,m0063i,m0064i,m0065i,m0066i,m0067i,m0068i,m0069i,m0070i,m0071i,m0072i,m0073i,m0074i,m0075i,m0076i,m0077i,m0078i,m0079i,m0080i,m0081i,m0082i,m0083i,m0084i,m0085i,m0086i,m0087i,m0088i,m0089i,m0090i,m0091i,m0092i,m0093i,m0094i,m0095i,m0096i,m0097i,m0098i,m0099i,m0100i,m0102i,m0103i,m0104i,m0106i,m0107i,m0108i,m0111i,m0112i,m0113i,m0114i,m0115i,m0116i,m0117i,m0118i,m0120i,m0121i,m0122i,m0123i,m0124i,m0125i,m0126i,m0127i,m0128i,m0129i,m0130i,m0131i,m0132i,m0133i,m0134i,m0135i,m0136i,m0137i,m0138i,m0139i,m0140i,m0141i,m0142i,m0143i,m0144i,m0145i,m0146i,m0147i,m0148i,m0149i,m0150i,m0151i,m0152i,m0153i,m0154i,m0155i,m0156i,m0157i,m0158i,m0159i,m0160i,m0239i,m0259i,m0271i,m0273i,m0275i,m0276i,m0278i,m0279i,m0280i,m0281i,m0282i,m0283i,m0284i,m0285i,m0286i,m0287i,m0288i,m0319i,m0320i,m0321i,m0322i,m0323i,m0324i,m0325i,m0326i,m0327i,m0328i,m0329i,m0330i,m0331i,m0332i,m0334i,m0339i,m0348i,m0349i,m0350i,m0351i,m0352i,m0353i,m0354i,m0355i,m0358i,m0359i,m0361i,m0362i,m0363i,m0366i,m0367i,m0372i,m0373i,m0374i,m0377i,m0378i,m0380i,m0381i,m0425i,m0426i,m0427i,m0428i,m0429i,m0430i,m0432i",set_load_bit,,sw@0x800B0000
0xAB,171,0x80019638,True,True,563,"m0001i,m0002i,m0003i,m0004i,m0005i,m0006i,m0009i,m0011i,m0012i,m0013i,m0014i,m0016i,m0017i,m0018i,m0020i,m0021i,m0022i,m0023i,m0025i,m0026i,m0027i,m0028i,m0029i,m0030i,m0031i,m0032i,m0033i,m0034i,m0041i,m0042i,m0043i,m0044i,m0045i,m0046i,m0047i,m0048i,m0051i,m0052i,m0055i,m0056i,m0057i,m0058i,m0059i,m0060i,m0061i,m0062i,m0063i,m0064i,m0065i,m0066i,m0067i,m0068i,m0069i,m0070i,m0071i,m0072i,m0073i,m0074i,m0075i,m0076i,m0077i,m0078i,m0079i,m0080i,m0081i,m0082i,m0083i,m0084i,m0085i,m0086i,m0087i,m0088i,m0089i,m0090i,m0091i,m0092i,m0093i,m0094i,m0095i,m0096i,m0097i,m0098i,m0099i,m0100i,m0102i,m0103i,m0104i,m0106i,m0107i,m0108i,m0111i,m0112i,m0113i,m0114i,m0115i,m0116i,m0117i,m0118i,m0120i,m0121i,m0122i,m0123i,m0124i,m0125i,m0126i,m0127i,m0128i,m0129i,m0130i,m0131i,m0132i,m0133i,m0134i,m0135i,m0136i,m0137i,m0138i,m0139i,m0140i,m0141i,m0142i,m0143i,m0144i,m0145i,m0146i,m0147i,m0148i,m0149i,m0150i,m0151i,m0152i,m0153i,m0154i,m0155i,m0156i,m0158i,m0159i,m0160i,m0239i,m0259i,m0271i,m0273i,m0275i,m0276i,m0278i,m0279i,m0280i,m0281i,m0282i,m0283i,m0284i,m0285i,m0286i,m0287i,m0288i,m0319i,m0320i,m0321i,m0322i,m0323i,m0324i,m0325i,m0326i,m0327i,m0328i,m0329i,m0330i,m0331i,m0332i,m0334i,m0339i,m0348i,m0349i,m0350i,m0358i,m0359i,m0367i,m0372i,m0373i,m0374i,m0377i,m0378i,m0380i,m0381i,m0428i,m0429i,m0430i,m0432i",clear_load_bit,,sw@0x800B0000
0xAC,172,0x800196E8,True,True,72,"m0005i,m0012i,m0013i,m0014i,m0016i,m0022i,m0023i,m0027i,m0028i,m0030i,m0032i,m0034i,m0059i,m0061i,m0062i,m0063i,m0065i,m0066i,m0067i,m0075i,m0078i,m0080i,m0081i,m0082i,m0083i,m0085i,m0086i,m0087i,m0089i,m0100i,m0104i,m0107i,m0111i,m0113i,m0114i,m0115i,m0116i,m0118i,m0120i,m0121i,m0122i,m0123i,m0126i,m0129i,m0137i,m0139i,m0140i,m0141i,m0145i,m0146i,m0147i,m0149i,m0152i,m0153i,m0154i,m0156i,m0159i,m0273i,m0324i,m0326i,m0327i,m0328i,m0332i,m0348i,m0349i,m0350i,m0358i,m0380i,m0428i,m0429i,m0430i,m0432i",,,sw@0x8009D2F8 sh@0x8009D264
0xAD,173,0x80019748,True,True,155,"m0005i,m0012i,m0013i,m0014i,m0016i,m0022i,m0023i,m0027i,m0028i,m0030i,m0032i,m0034i,m0059i,m0061i,m0062i,m0063i,m0065i,m0066i,m0067i,m0075i,m0078i,m0080i,m0081i,m0082i,m0083i,m0085i,m0086i,m0087i,m0089i,m0100i,m0104i,m0107i,m0111i,m0113i,m0114i,m0115i,m0116i,m0118i,m0120i,m0121i,m0122i,m0123i,m0126i,m0129i,m0137i,m0139i,m0140i,m0141i,m0145i,m0146i,m0147i,m0149i,m0152i,m0153i,m0154i,m0156i,m0159i,m0273i,m0324i,m0326i,m0327i,m0328i,m0332i,m0348i,m0349i,m0350i,m0358i,m0380i,m0428i,m0429i,m0430i,m0432i",,,sw@0x8009D2E8
0xAE,174,0x80019728,True,True,72,"m0005i,m0012i,m0013i,m0014i,m0016i,m0022i,m0023i,m0027i,m0028i,m0030i,m0032i,m0034i,m0059i,m0061i,m0062i,m0063i,m0065i,m0066i,m0067i,m0075i,m0078i,m0080i,m0081i,m0082i,m0083i,m0085i,m0086i,m0087i,m0089i,m0100i,m0104i,m0107i,m0111i,m0113i,m0114i,m0115i,m0116i,m0118i,m0120i,m0121i,m0122i,m0123i,m0126i,m0129i,m0137i,m0139i,m0140i,m0141i,m0145i,m0146i,m0147i,m0149i,m0152i,m0153i,m0154i,m0156i,m0159i,m0273i,m0324i,m0326i,m0327i,m0328i,m0332i,m0348i,m0349i,m0350i,m0358i,m0380i,m0428i,m0429i,m0430i,m0432i",,,sw@0x8009D2E8
0xAF,175,0x80019768,True,True,4,"m0016i,m0023i,m0319i",,0x8001ACE0,
0xB0,176,0x800198C4,True,True,47,"m0014i,m0022i,m0023i,m0034i,m0059i,m0062i,m0066i,m0067i,m0075i,m0078i,m0080i,m0082i,m0089i,m0107i,m0111i,m0114i,m0118i,m0122i,m0123i,m0156i,m0273i,m0348i,m0350i,m0380i,m0432i",,0x8002FAD8,
0xB1,177,0x80015790,True,False,0,,,0x80038D0C 0x80039678 0x80038D74 0x800392EC 0x80039970 0x80039970 0x8006E3D4 0x80070DD0 0x80070DD0 0x800392EC 0x8006E3D4,sw@0x8009D280 sw@0x8009D280 sw@0x8009D1A0 sw@0x800B0000
0xB2,178,0x80019798,True,True,70,"m0005i,m0012i,m0014i,m0016i,m0022i,m0023i,m0027i,m0028i,m0030i,m0032i,m0034i,m0059i,m0061i,m0062i,m0063i,m0065i,m0066i,m0067i,m0075i,m0078i,m0080i,m0081i,m0082i,m0083i,m0085i,m0086i,m0087i,m0089i,m0100i,m0104i,m0107i,m0111i,m0113i,m0114i,m0115i,m0116i,m0118i,m0120i,m0121i,m0122i,m0126i,m0129i,m0137i,m0139i,m0140i,m0141i,m0145i,m0146i,m0147i,m0149i,m0152i,m0153i,m0154i,m0156i,m0159i,m0273i,m0324i,m0326i,m0327i,m0328i,m0332i,m0348i,m0349i,m0350i,m0358i,m0380i,m0428i,m0429i,m0430i,m0432i",,0x800392EC,
0xB3,179,0x80015964,True,False,0,,,0x80038D0C 0x80038D74 0x8003944C 0x800392EC 0x80039970 0x80039970 0x8006E3D4 0x800392EC 0x8006E3D4,sw@0x8009D280 sw@0x8009D280 sw@0x8009D1A0 sw@0x800B0000
0xB4,180,0x800197D0,True,True,91,"m0041i,m0042i,m0047i,m0088i,m0093i,m0094i,m0096i,m0097i,m0125i,m0126i,m0127i,m0128i,m0129i,m0130i,m0131i,m0132i,m0133i,m0134i,m0135i,m0136i,m0137i,m0138i,m0139i,m0140i,m0141i,m0142i,m0143i,m0144i,m0145i,m0146i,m0147i,m0148i,m0149i,m0150i,m0151i,m0152i,m0153i,m0154i,m0155i,m0156i,m0157i,m0158i,m0159i,m0160i,m0239i,m0320i,m0321i,m0322i,m0323i,m0324i,m0325i,m0326i,m0327i,m0328i,m0329i,m0330i,m0331i,m0332i,m0339i,m0351i,m0352i,m0380i,m0381i",,0x800375B4,
0xB5,181,0x800197F0,True,True,31,"m0051i,m0097i,m0107i,m0146i,m0239i,m0351i,m0352i",,0x800375C4,
0xB6,182,0x80019810,True,True,2,"m0028i,m0032i",,0x80077CF4 0x8003708C 0x80077DC4 0x8003708C,
0xB7,183,0x80018A48,True,True,109,"m0005i,m0012i,m0013i,m0014i,m0016i,m0023i,m0027i,m0028i,m0030i,m0034i,m0063i,m0065i,m0075i,m0080i,m0082i,m0083i,m0085i,m0086i,m0087i,m0089i,m0100i,m0104i,m0107i,m0111i,m0113i,m0114i,m0115i,m0116i,m0118i,m0120i,m0121i,m0122i,m0123i,m0126i,m0129i,m0137i,m0139i,m0140i,m0141i,m0145i,m0146i,m0147i,m0149i,m0152i,m0153i,m0154i,m0156i,m0159i,m0273i,m0324i,m0326i,m0327i,m0328i,m0332i,m0348i,m0350i,m0358i,m0380i,m0428i,m0429i,m0432i",,0x8002FAA4,
0xB8,184,0x80013514,True,True,743,"m0003i,m0004i,m0005i,m0006i,m0011i,m0012i,m0014i,m0016i,m0017i,m0018i,m0020i,m0021i,m0022i,m0023i,m0025i,m0027i,m0028i,m0030i,m0032i,m0034i,m0041i,m0042i,m0043i,m0044i,m0045i,m0046i,m0047i,m0048i,m0049i,m0051i,m0052i,m0055i,m0056i,m0059i,m0061i,m0062i,m0063i,m0064i,m0065i,m0066i,m0067i,m0070i,m0075i,m0078i,m0080i,m0081i,m0082i,m0083i,m0085i,m0086i,m0087i,m0088i,m0089i,m0090i,m0091i,m0092i,m0093i,m0094i,m0095i,m0096i,m0097i,m0098i,m0099i,m0100i,m0102i,m0103i,m0104i,m0106i,m0107i,m0108i,m0111i,m0112i,m0113i,m0114i,m0115i,m0116i,m0117i,m0118i,m0120i,m0121i,m0122i,m0123i,m0124i,m0125i,m0126i,m0127i,m0128i,m0129i,m0130i,m0131i,m0132i,m0133i,m0136i,m0137i,m0138i,m0139i,m0140i,m0141i,m0142i,m0143i,m0144i,m0145i,m0146i,m0147i,m0148i,m0149i,m0150i,m0152i,m0153i,m0154i,m0155i,m0156i,m0157i,m0159i,m0160i,m0239i,m0259i,m0271i,m0273i,m0275i,m0276i,m0283i,m0284i,m0285i,m0287i,m0319i,m0320i,m0321i,m0323i,m0324i,m0325i,m0326i,m0327i,m0328i,m0329i,m0330i,m0331i,m0332i,m0334i,m0339i,m0348i,m0350i,m0358i,m0359i,m0367i,m0373i,m0374i,m0378i,m0380i,m0381i,m0425i,m0426i,m0427i,m0429i,m0432i",,0x80079FB4,sh@0x800A003A
0xB9,185,0x80019904,True,False,0,,,,sw@0x800A0098
0xBA,186,0x80019928,True,False,0,,,,sw@0x800A0098
0xBB,187,0x8001994C,True,True,2,"m0089i,m0159i",,0x800676CC,
0xBC,188,0x8001998C,True,True,2,"m0275i,m0425i",,0x80067730,
0xBD,189,0x80019A1C,True,False,0,,,,sh@0x800A024E sb@0x800A024B sb@0x800A024C sb@0x800A024D sh@0x800A0250
0xBE,190,0x80019A9C,True,False,0,,,,sh@0x800A0250
0xBF,191,0x800199CC,True,True,140,"m0012i,m0014i,m0026i,m0027i,m0028i,m0030i,m0031i,m0032i,m0033i,m0034i,m0035i,m0075i,m0080i,m0082i,m0086i,m0158i,m0334i,m0348i,m0380i",,,sh@0x800A0250
0xC0,192,0x800199F8,True,False,0,,,,sh@0x800A0250
0xC1,193,0x80019AC0,True,True,98,"m0014i,m0020i,m0022i,m0026i,m0027i,m0028i,m0030i,m0031i,m0032i,m0033i,m0034i,m0035i,m0036i,m0039i,m0048i,m0052i,m0063i,m0075i,m0080i,m0082i,m0083i,m0086i,m0088i,m0091i,m0095i,m0104i,m0108i,m0111i,m0112i,m0113i,m0115i,m0116i,m0120i,m0122i,m0123i,m0140i,m0145i,m0146i,m0154i,m0156i,m0157i,m0158i,m0159i,m0160i,m0239i,m0273i,m0283i,m0327i,m0332i,m0334i,m0348i,m0349i,m0350i,m0358i,m0367i,m0380i,m0381i,m0426i,m0429i,m0430i,m0432i",,,sw@0x800A0098
0xC2,194,0x80019AE4,True,True,10,"m0022i,m0028i,m0029i,m0030i,m0086i,m0160i,m0239i,m0273i,m0350i,m0432i",,,sw@0x800A0098
0xC3,195,0x80019B08,True,True,251,"m0012i,m0013i,m0014i,m0016i,m0027i,m0028i,m0030i,m0032i,m0034i,m0061i,m0063i,m0065i,m0067i,m0075i,m0080i,m0081i,m0082i,m0083i,m0085i,m0087i,m0095i,m0100i,m0104i,m0107i,m0111i,m0113i,m0114i,m0115i,m0116i,m0118i,m0120i,m0121i,m0122i,m0123i,m0126i,m0129i,m0137i,m0139i,m0140i,m0141i,m0145i,m0146i,m0147i,m0149i,m0152i,m0153i,m0154i,m0156i,m0159i,m0324i,m0326i,m0327i,m0328i,m0332i,m0348i,m0358i,m0380i,m0428i,m0429i,m0432i",,,
0xC4,196,0x80019B78,True,False,0,,,,sh@0x800A003A sh@0x800A003A sh@0x800A003A
0xC5,197,0x80019170,True,True,3,"m0063i,m0083i,m0358i",,0x8003E0A4,sw@0x800A018C
0xC6,198,0x80013300,True,True,278,"m0005i,m0012i,m0013i,m0014i,m0016i,m0020i,m0022i,m0027i,m0028i,m0030i,m0032i,m0034i,m0059i,m0061i,m0062i,m0063i,m0065i,m0066i,m0067i,m0075i,m0078i,m0080i,m0081i,m0082i,m0083i,m0085i,m0086i,m0087i,m0089i,m0100i,m0104i,m0107i,m0111i,m0113i,m0114i,m0115i,m0116i,m0118i,m0120i,m0121i,m0122i,m0123i,m0126i,m0129i,m0137i,m0139i,m0140i,m0141i,m0145i,m0146i,m0147i,m0149i,m0152i,m0153i,m0154i,m0156i,m0159i,m0273i,m0324i,m0326i,m0327i,m0328i,m0332i,m0348i,m0350i,m0358i,m0380i,m0428i,m0429i,m0430i,m0432i",,0x8001A680,sw@0x800A0098 sw@0x800A0010
0xC7,199,0x80019BE4,True,True,101,"m0005i,m0012i,m0013i,m0014i,m0016i,m0022i,m0023i,m0027i,m0028i,m0030i,m0032i,m0034i,m0059i,m0061i,m0062i,m0063i,m0065i,m0066i,m0067i,m0075i,m0078i,m0080i,m0081i,m0082i,m0083i,m0085i,m0086i,m0087i,m0089i,m0100i,m0104i,m0107i,m0111i,m0113i,m0114i,m0115i,m0116i,m0118i,m0120i,m0121i,m0122i,m0123i,m0137i,m0140i,m0141i,m0145i,m0146i,m0147i,m0152i,m0153i,m0154i,m0159i,m0324i,m0327i,m0328i,m0332i,m0348i,m0358i,m0380i,m0429i,m0432i",,,
0xC8,200,0x80019C04,True,False,0,,,,sw@0x800A0098
0xC9,201,0x80019C28,True,True,19,"m0063i,m0075i,m0080i,m0082i,m0083i,m0123i,m0145i,m0152i,m0153i,m0154i,m0332i,m0349i,m0350i,m0358i,m0429i",,,sw@0x800A0098
0xCA,202,0x80019298,True,True,144,"m0012i,m0013i,m0014i,m0016i,m0022i,m0027i,m0028i,m0030i,m0032i,m0034i,m0059i,m0061i,m0062i,m0063i,m0065i,m0066i,m0067i,m0075i,m0078i,m0080i,m0081i,m0082i,m0083i,m0085i,m0086i,m0087i,m0089i,m0104i,m0107i,m0111i,m0113i,m0114i,m0115i,m0116i,m0118i,m0120i,m0121i,m0122i,m0123i,m0126i,m0129i,m0137i,m0139i,m0140i,m0141i,m0145i,m0146i,m0147i,m0149i,m0152i,m0153i,m0154i,m0156i,m0159i,m0324i,m0326i,m0327i,m0328i,m0332i,m0348i,m0350i,m0358i,m0380i,m0429i",,,sh@0x800A01E6
0xCB,203,0x80019C4C,True,True,273,"m0012i,m0013i,m0014i,m0016i,m0027i,m0028i,m0030i,m0034i,m0059i,m0061i,m0062i,m0063i,m0065i,m0066i,m0067i,m0075i,m0078i,m0080i,m0081i,m0082i,m0083i,m0085i,m0087i,m0089i,m0100i,m0104i,m0107i,m0111i,m0113i,m0114i,m0115i,m0116i,m0118i,m0120i,m0121i,m0122i,m0126i,m0129i,m0137i,m0139i,m0140i,m0141i,m0145i,m0146i,m0147i,m0149i,m0152i,m0153i,m0154i,m0156i,m0159i,m0273i,m0324i,m0326i,m0327i,m0328i,m0332i,m0348i,m0350i,m0358i,m0380i,m0428i,m0429i",,0x80079FB4,sw@0x800A0000
0xCC,204,0x80019260,True,False,0,,,0x8003E0D0,sw@0x800A018C
0xCD,205,0x80019CEC,True,True,35,"m0006i,m0012i,m0016i,m0017i,m0018i,m0022i,m0091i,m0093i,m0239i,m0275i,m0276i,m0278i,m0279i,m0280i,m0281i,m0282i,m0283i,m0284i,m0285i,m0286i,m0287i,m0429i",,,sw@0x800A0028 sw@0x800A0030 sw@0x800A002C
0xCE,206,0x800181CC,True,True,161,"m0005i,m0012i,m0013i,m0014i,m0016i,m0022i,m0023i,m0027i,m0028i,m0030i,m0032i,m0034i,m0059i,m0061i,m0062i,m0063i,m0065i,m0066i,m0067i,m0075i,m0078i,m0080i,m0081i,m0082i,m0083i,m0085i,m0086i,m0087i,m0089i,m0100i,m0104i,m0107i,m0111i,m0113i,m0114i,m0115i,m0116i,m0118i,m0120i,m0121i,m0122i,m0123i,m0126i,m0129i,m0137i,m0139i,m0140i,m0141i,m0145i,m0146i,m0147i,m0149i,m0152i,m0153i,m0154i,m0156i,m0159i,m0273i,m0324i,m0326i,m0327i,m0328i,m0332i,m0348i,m0349i,m0350i,m0358i,m0380i,m0428i,m0429i,m0430i,m0432i",,0x8002FF78 0x80030220,
0xCF,207,0x80019D24,True,True,72,"m0005i,m0012i,m0013i,m0014i,m0016i,m0022i,m0023i,m0027i,m0028i,m0030i,m0032i,m0034i,m0059i,m0061i,m0062i,m0063i,m0065i,m0066i,m0067i,m0075i,m0078i,m0080i,m0081i,m0082i,m0083i,m0085i,m0086i,m0087i,m0089i,m0100i,m0104i,m0107i,m0111i,m0113i,m0114i,m0115i,m0116i,m0118i,m0120i,m0121i,m0122i,m0123i,m0126i,m0129i,m0137i,m0139i,m0140i,m0141i,m0145i,m0146i,m0147i,m0149i,m0152i,m0153i,m0154i,m0156i,m0159i,m0273i,m0324i,m0326i,m0327i,m0328i,m0332i,m0348i,m0349i,m0350i,m0358i,m0380i,m0428i,m0429i,m0430i,m0432i",,0x80033A2C,
0xD0,208,0x80019D44,True,True,11,"m0034i,m0048i,m0052i,m0108i,m0123i,m0276i",,0x80037454,
0xD1,209,0x80019D84,True,True,25,"m0034i,m0048i,m0052i,m0108i,m0123i,m0276i",,0x800375E0,
0xD2,210,0x80019DB8,True,True,23,"m0012i,m0014i,m0027i,m0028i,m0032i,m0062i,m0082i,m0086i,m0087i,m0114i,m0349i,m0351i,m0352i",,,
0xD3,211,0x80019DF4,True,True,12,"m0351i,m0352i",,,
0xD4,212,0x80019F04,True,True,14,"m0275i,m0276i,m0278i,m0279i,m0280i,m0281i,m0282i,m0283i,m0284i,m0285i,m0286i,m0287i,m0350i,m0430i",,,sw@0x800A018C sw@0x800A0098 sw@0x800A0098
0xD5,213,0x80019FE0,True,True,1,m0350i,,,sw@0x800A018C sw@0x800A0098 sw@0x800A0098
0xD6,214,0x8001A064,True,True,2,m0283i,,,sw@0x800A0098 sw@0x800A018C sw@0x800A0098
0xD7,215,0x8001A0CC,True,True,41,"m0089i,m0123i,m0273i,m0350i,m0428i,m0429i,m0430i,m0432i",,0x80077CF4,
0xD8,216,0x8001A114,True,True,17,"m0089i,m0123i,m0273i,m0350i,m0428i,m0429i,m0430i,m0432i",,0x80077DC4,
0xD9,217,0x8001A15C,True,True,102,"m0005i,m0009i,m0014i,m0016i,m0020i,m0028i,m0030i,m0031i,m0047i,m0048i,m0052i,m0059i,m0060i,m0061i,m0062i,m0066i,m0074i,m0075i,m0077i,m0078i,m0079i,m0080i,m0084i,m0092i,m0095i,m0097i,m0104i,m0106i,m0108i,m0112i,m0113i,m0114i,m0118i,m0126i,m0137i,m0138i,m0139i,m0140i,m0141i,m0142i,m0145i,m0146i,m0147i,m0148i,m0149i,m0152i,m0153i,m0154i,m0273i,m0283i,m0324i,m0325i,m0326i,m0327i,m0328i,m0329i,m0332i,m0334i,m0350i,m0358i,m0429i",,0x80079FB4,
0xDA,218,0x8001A1A8,True,True,19,"m0156i,m0273i,m0350i,m0380i,m0428i,m0429i,m0430i",,0x8005186C,
0xDB,219,0x80013988,True,True,96,"m0012i,m0013i,m0014i,m0016i,m0027i,m0028i,m0030i,m0055i,m0064i,m0065i,m0085i,m0087i,m0100i,m0104i,m0113i,m0115i,m0116i,m0120i,m0121i,m0122i,m0126i,m0129i,m0137i,m0139i,m0140i,m0141i,m0145i,m0146i,m0147i,m0149i,m0152i,m0153i,m0154i,m0156i,m0159i,m0239i,m0324i,m0326i,m0327i,m0328i,m0332i,m0380i",,0x8003708C 0x8003708C 0x80079FB4 0x80077CF4 0x8003708C 0x80077DC4 0x8003708C,sh@0x800A003A sw@0x800A0014 sw@0x800A0018 sw@0x800A001C sh@0x800A0008 sw@0x800A0068 sw@0x800A0070 sh@0x800A003A sh@0x800A003A sh@0x800A003A
0xDC,220,0x8001A1F0,True,True,70,"m0005i,m0059i,m0062i,m0063i,m0065i,m0066i,m0067i,m0075i,m0078i,m0080i,m0082i,m0083i,m0085i,m0086i,m0087i,m0100i,m0104i,m0107i,m0111i,m0113i,m0114i,m0115i,m0116i,m0118i,m0120i,m0121i,m0122i,m0123i,m0126i,m0129i,m0137i,m0139i,m0140i,m0141i,m0145i,m0146i,m0147i,m0149i,m0152i,m0153i,m0154i,m0156i,m0159i,m0324i,m0326i,m0327i,m0328i,m0332i,m0349i,m0358i,m0380i,m0429i",,,sw@0x800A0098
0xDD,221,0x8001A214,True,True,24,"m0028i,m0032i,m0034i,m0075i,m0080i,m0082i,m0123i,m0156i,m0273i,m0348i,m0350i,m0380i",,0x80077DC4 0x8003708C 0x80077CF4 0x8003708C,
0xDE,222,0x8001A2F0,True,True,49,"m0059i,m0061i,m0062i,m0063i,m0065i,m0066i,m0067i,m0078i,m0080i,m0081i,m0082i,m0083i,m0085i,m0086i,m0087i,m0100i,m0107i,m0116i,m0120i,m0121i,m0137i,m0140i,m0141i,m0146i,m0147i,m0153i,m0154i,m0324i,m0327i,m0328i,m0358i",,,
0xDF,223,0x8001A32C,True,False,0,,,,sw@0x800A0098
0xE0,224,0x8001A350,True,False,0,,,,sw@0x800A0098
0xE1,225,0x8001A374,True,True,122,"m0001i,m0002i,m0003i,m0004i,m0005i,m0009i,m0011i,m0012i,m0014i,m0016i,m0017i,m0018i,m0020i,m0021i,m0022i,m0023i,m0026i,m0027i,m0028i,m0029i,m0030i,m0031i,m0032i,m0034i,m0041i,m0042i,m0043i,m0044i,m0045i,m0046i,m0048i,m0049i,m0050i,m0051i,m0052i,m0055i,m0056i,m0057i,m0058i,m0059i,m0060i,m0061i,m0062i,m0063i,m0064i,m0065i,m0066i,m0067i,m0068i,m0069i,m0070i,m0071i,m0072i,m0073i,m0074i,m0075i,m0076i,m0077i,m0078i,m0079i,m0080i,m0081i,m0082i,m0083i,m0084i,m0085i,m0086i,m0087i,m0088i,m0089i,m0090i,m0091i,m0092i,m0093i,m0094i,m0095i,m0096i,m0097i,m0098i,m0099i,m0100i,m0102i,m0103i,m0104i,m0106i,m0107i,m0108i,m0111i,m0112i,m0113i,m0114i,m0115i,m0116i,m0117i,m0118i,m0120i,m0121i,m0122i,m0123i,m0124i,m0239i,m0273i,m0275i,m0276i,m0278i,m0279i,m0280i,m0281i,m0282i,m0283i,m0284i,m0285i,m0286i,m0287i,m0319i,m0334i,m0358i,m0359i,m0372i,m0374i,m0377i,m0378i",camera_byte,,sb@0x800BCFFC
0xE2,226,0x8001A390,True,True,315,"m0023i,m0059i,m0061i,m0062i,m0063i,m0065i,m0066i,m0067i,m0075i,m0078i,m0080i,m0081i,m0082i,m0083i,m0085i,m0087i,m0100i,m0104i,m0107i,m0111i,m0113i,m0114i,m0115i,m0116i,m0118i,m0120i,m0121i,m0122i,m0126i,m0129i,m0137i,m0139i,m0140i,m0141i,m0145i,m0146i,m0147i,m0149i,m0152i,m0153i,m0154i,m0156i,m0159i,m0283i,m0324i,m0326i,m0327i,m0328i,m0332i,m0358i,m0380i,m0429i,m0430i",,0x8001CAB0,
0xE3,227,0x8001A3FC,True,True,72,"m0005i,m0012i,m0013i,m0014i,m0016i,m0022i,m0023i,m0027i,m0028i,m0030i,m0032i,m0034i,m0059i,m0061i,m0062i,m0063i,m0065i,m0066i,m0067i,m0075i,m0078i,m0080i,m0081i,m0082i,m0083i,m0085i,m0086i,m0087i,m0089i,m0100i,m0104i,m0107i,m0111i,m0113i,m0114i,m0115i,m0116i,m0118i,m0120i,m0121i,m0122i,m0123i,m0126i,m0129i,m0137i,m0139i,m0140i,m0141i,m0145i,m0146i,m0147i,m0149i,m0152i,m0153i,m0154i,m0156i,m0159i,m0273i,m0324i,m0326i,m0327i,m0328i,m0332i,m0348i,m0349i,m0350i,m0358i,m0380i,m0428i,m0429i,m0430i,m0432i",,,sw@0x8009D248 sh@0x8009D1CC
0xE4,228,0x8001A43C,True,False,0,,,0x8005401C,
0xE5,229,0x8001A474,True,False,0,,,0x80052F70,
0xE6,230,0x80015AB8,True,True,10,"m0275i,m0353i,m0425i",,0x800677A0,
0xE7,231,0x80015AF0,True,True,18,"m0020i,m0032i,m0042i,m0059i,m0064i,m0075i,m0087i,m0097i,m0099i,m0112i,m0126i,m0138i,m0154i,m0271i,m0276i,m0325i,m0351i,m0352i",,0x80067CBC 0x8004D18C,sw@0x800B0000 sw@0x8009D1A0
0xE8,232,0x80015BAC,True,True,293,"m0001i,m0005i,m0009i,m0014i,m0016i,m0017i,m0018i,m0020i,m0021i,m0022i,m0028i,m0030i,m0031i,m0041i,m0045i,m0047i,m0048i,m0052i,m0059i,m0060i,m0061i,m0062i,m0064i,m0066i,m0074i,m0075i,m0077i,m0078i,m0079i,m0080i,m0084i,m0092i,m0093i,m0095i,m0097i,m0099i,m0100i,m0102i,m0103i,m0104i,m0106i,m0108i,m0111i,m0112i,m0113i,m0114i,m0116i,m0117i,m0118i,m0120i,m0121i,m0125i,m0126i,m0137i,m0138i,m0139i,m0140i,m0141i,m0142i,m0143i,m0145i,m0146i,m0147i,m0148i,m0149i,m0152i,m0153i,m0154i,m0276i,m0283i,m0324i,m0325i,m0326i,m0327i,m0328i,m0329i,m0330i,m0331i,m0332i,m0334i,m0358i",,0x80067CBC 0x8004F490,sw@0x800B0000 sw@0x8009D1A0
0xE9,233,0x80015C7C,True,True,58,"m0001i,m0048i,m0052i,m0092i,m0098i,m0108i,m0117i,m0127i,m0144i,m0154i,m0271i,m0272i,m0276i,m0321i,m0339i,m0351i,m0352i,m0430i",,0x8005D2B4 0x800629B0 0x80067CBC,sw@0x800B0000 sw@0x8009D1A0 sw@0x800A0000 sh@0x800A0008
0xEA,234,0x80015DAC,True,True,2578,"m0001i,m0002i,m0003i,m0004i,m0005i,m0006i,m0009i,m0011i,m0012i,m0013i,m0014i,m0016i,m0017i,m0018i,m0020i,m0021i,m0022i,m0023i,m0025i,m0026i,m0027i,m0028i,m0029i,m0030i,m0031i,m0032i,m0033i,m0034i,m0035i,m0036i,m0039i,m0041i,m0042i,m0043i,m0044i,m0045i,m0046i,m0047i,m0048i,m0049i,m0050i,m0051i,m0052i,m0055i,m0056i,m0057i,m0058i,m0059i,m0060i,m0061i,m0062i,m0063i,m0064i,m0065i,m0066i,m0067i,m0068i,m0069i,m0070i,m0071i,m0072i,m0073i,m0074i,m0075i,m0076i,m0077i,m0078i,m0079i,m0080i,m0081i,m0082i,m0083i,m0084i,m0085i,m0086i,m0087i,m0088i,m0089i,m0090i,m0091i,m0092i,m0093i,m0094i,m0095i,m0096i,m0097i,m0098i,m0099i,m0100i,m0102i,m0103i,m0104i,m0106i,m0107i,m0108i,m0111i,m0112i,m0113i,m0114i,m0115i,m0116i,m0117i,m0118i,m0120i,m0121i,m0122i,m0123i,m0124i,m0125i,m0126i,m0127i,m0128i,m0129i,m0130i,m0131i,m0132i,m0133i,m0134i,m0135i,m0136i,m0137i,m0138i,m0139i,m0140i,m0141i,m0142i,m0143i,m0144i,m0145i,m0146i,m0147i,m0148i,m0149i,m0150i,m0151i,m0152i,m0153i,m0154i,m0155i,m0156i,m0157i,m0158i,m0159i,m0160i,m0239i,m0259i,m0271i,m0272i,m0273i,m0275i,m0276i,m0278i,m0279i,m0280i,m0281i,m0282i,m0283i,m0284i,m0285i,m0286i,m0287i,m0288i,m0319i,m0320i,m0321i,m0322i,m0323i,m0324i,m0325i,m0326i,m0327i,m0328i,m0329i,m0330i,m0331i,m0332i,m0334i,m0339i,m0348i,m0349i,m0350i,m0351i,m0352i,m0353i,m0354i,m0355i,m0358i,m0359i,m0361i,m0362i,m0363i,m0366i,m0367i,m0372i,m0373i,m0374i,m0377i,m0378i,m0380i,m0381i,m0425i,m0426i,m0427i,m0428i,m0429i,m0430i,m0432i",audio_or_worker_dispatch,0x800867E4 0x8008682C 0x8006D2B8 0x80086464 0x80086C1C 0x8006DB48 0x8006D2B8 0x800864F8 0x8006DB48 0x8006DB9C 0x80086498,
0xEB,235,0x80016DF8,True,True,2,"m0123i,m0429i",,,sw@0x800A0098
0xEC,236,0x80016E1C,True,False,0,,,,sw@0x800A0098
0xED,237,0x80016910,True,True,789,"m0001i,m0002i,m0003i,m0004i,m0005i,m0006i,m0009i,m0011i,m0012i,m0013i,m0014i,m0016i,m0017i,m0018i,m0020i,m0021i,m0022i,m0023i,m0025i,m0026i,m0027i,m0028i,m0029i,m0030i,m0031i,m0032i,m0033i,m0034i,m0041i,m0042i,m0043i,m0044i,m0045i,m0046i,m0047i,m0048i,m0049i,m0050i,m0051i,m0052i,m0055i,m0056i,m0057i,m0058i,m0059i,m0060i,m0061i,m0062i,m0063i,m0064i,m0065i,m0066i,m0067i,m0068i,m0069i,m0070i,m0071i,m0072i,m0073i,m0074i,m0075i,m0076i,m0077i,m0078i,m0079i,m0080i,m0081i,m0082i,m0083i,m0084i,m0085i,m0086i,m0087i,m0088i,m0089i,m0090i,m0091i,m0092i,m0093i,m0094i,m0095i,m0096i,m0097i,m0098i,m0099i,m0100i,m0102i,m0103i,m0104i,m0106i,m0107i,m0108i,m0111i,m0112i,m0113i,m0114i,m0115i,m0116i,m0117i,m0118i,m0120i,m0121i,m0122i,m0123i,m0124i,m0125i,m0126i,m0127i,m0128i,m0129i,m0130i,m0131i,m0132i,m0133i,m0134i,m0135i,m0136i,m0137i,m0138i,m0139i,m0140i,m0141i,m0142i,m0143i,m0144i,m0145i,m0146i,m0147i,m0148i,m0149i,m0150i,m0151i,m0152i,m0153i,m0154i,m0155i,m0156i,m0157i,m0158i,m0159i,m0160i,m0239i,m0259i,m0271i,m0272i,m0273i,m0275i,m0276i,m0278i,m0280i,m0281i,m0282i,m0283i,m0284i,m0285i,m0286i,m0287i,m0288i,m0319i,m0320i,m0321i,m0322i,m0323i,m0324i,m0325i,m0326i,m0327i,m0328i,m0329i,m0330i,m0331i,m0332i,m0334i,m0339i,m0348i,m0349i,m0350i,m0358i,m0359i,m0367i,m0372i,m0374i,m0377i,m0378i,m0380i,m0381i,m0425i,m0426i,m0427i,m0428i,m0429i,m0430i,m0432i",,0x800665A0 0x800375D0,sw@0x800B0000 sh@0x800BD028 sh@0x800BD02A
0xEE,238,0x80016E40,True,True,28,"m0041i,m0047i,m0048i,m0052i,m0108i,m0276i",,0x80067CBC 0x8004E704,sw@0x800B0000 sw@0x8009D1A0
0xEF,239,0x80016F10,True,True,6,"m0048i,m0276i",,0x80067CBC 0x8004DCA4,sw@0x800B0000 sw@0x8009D1A0
0xF0,240,0x80016FE0,True,True,73,"m0012i,m0014i,m0027i,m0028i,m0030i,m0032i,m0059i,m0061i,m0062i,m0063i,m0065i,m0066i,m0067i,m0075i,m0078i,m0080i,m0081i,m0082i,m0083i,m0085i,m0086i,m0087i,m0100i,m0104i,m0107i,m0111i,m0113i,m0114i,m0115i,m0116i,m0118i,m0120i,m0121i,m0122i,m0126i,m0129i,m0137i,m0139i,m0140i,m0141i,m0145i,m0146i,m0147i,m0149i,m0152i,m0153i,m0154i,m0156i,m0324i,m0326i,m0327i,m0328i,m0332i,m0349i,m0358i,m0380i",,,sw@0x800A0000
0xF1,241,0x2C0F1F17,False,False,0,,,,
0xF2,242,0x4C2C2C2C,False,False,0,,,,
0xF3,243,0x2C2C2C2C,False,False,0,,,,
0xF4,244,0x000000FF,False,False,0,,,,
0xF5,245,0xFB0F1F17,False,False,0,,,,
0xF6,246,0x08FB4C08,False,False,0,,,,
0xF7,247,0x000000FF,False,False,0,,,,
0xF8,248,0x18FB88FB,False,False,0,,,,
0xF9,249,0xFB8283FB,False,False,0,,,,
0xFA,250,0x0AFB7F17,False,False,0,,,,
0xFB,251,0x0000FF57,False,False,0,,,,
0xFC,252,0,False,False,0,,,,
0xFD,253,0x44220000,False,False,0,,,,
0xFE,254,0x3F343242,False,False,0,,,,
0xFF,255,0x3B313843,False,False,0,,,,
0x100,256,0x3E430F34,False,False,0,,,,
